cd_geoid,state_fips,state,cd,pop55_weighted,n_counties_touched,pct_pop55_in_counties_with_zero_trials,wmean_trials_in_own_county,wmean_dist_to_broad_menu_mi,wmean_dist_to_limited_menu_mi,wmean_dist_to_nci_mi,wmean_trials_within_60mi,wmean_oral_trials_within_60mi,wmean_oral_indeterminate_within_60mi,pct_pop55_beyond_60mi_of_broad_menu,pct_pop55_beyond_60mi_of_limited_menu,pct_pop55_beyond_120mi_of_broad_menu,pct_pop55_beyond_120mi_of_limited_menu
0101,01,Alabama,01,264496,9,27.3,16.0,234.1,58.9,234.8,34.0,18.0,4.0,100.0,35.7,100.0,30.6
0102,01,Alabama,02,189344,13,39.0,9.0,163.9,77.5,163.8,14.0,8.0,2.0,100.0,72.8,62.8,16.4
0103,01,Alabama,03,223041,11,100.0,0.0,76.7,63.5,74.4,45.0,22.0,4.0,75.6,64.4,19.2,0.0
0104,01,Alabama,04,239198,13,85.1,0.0,75.4,64.4,75.0,78.0,38.0,7.0,55.8,51.3,9.6,0.0
0105,01,Alabama,05,226207,6,48.3,6.0,101.1,94.4,100.2,13.0,10.0,0.0,100.0,91.8,4.0,0.0
0106,01,Alabama,06,213677,8,32.7,60.0,30.6,30.6,31.4,128.0,61.0,12.0,22.5,22.5,0.0,0.0
0107,01,Alabama,07,195465,13,29.6,97.0,39.6,32.1,40.9,117.0,55.0,11.0,29.6,26.3,9.1,1.8
0200,02,Alaska,00,187882,30,62.1,20.0,1686.6,199.8,1678.0,28.0,14.0,2.0,100.0,47.6,100.0,36.9
0401,04,Arizona,01,216371,1,0.0,361.0,0.0,0.0,7.5,363.0,164.0,54.0,0.0,0.0,0.0,0.0
0402,04,Arizona,02,348428,9,23.8,23.0,102.9,95.7,98.5,106.0,48.0,16.0,70.9,68.8,28.2,26.1
0403,04,Arizona,03,27919,1,0.0,361.0,0.0,0.0,7.5,363.0,164.0,54.0,0.0,0.0,0.0,0.0
0404,04,Arizona,04,24180,1,0.0,361.0,0.0,0.0,7.5,363.0,164.0,54.0,0.0,0.0,0.0,0.0
0405,04,Arizona,05,35811,2,0.0,312.0,6.4,6.4,13.8,363.0,164.0,54.0,0.0,0.0,0.0,0.0
0406,04,Arizona,06,156912,5,32.9,52.0,39.0,39.0,41.9,138.0,67.0,18.0,32.9,32.9,1.5,1.5
0407,04,Arizona,07,760455,6,6.0,238.0,9.5,9.5,16.9,251.0,117.0,35.0,6.0,6.0,3.6,3.6
0408,04,Arizona,08,77898,1,0.0,361.0,0.0,0.0,7.5,363.0,164.0,54.0,0.0,0.0,0.0,0.0
0409,04,Arizona,09,581681,4,7.6,277.0,46.2,12.0,51.2,279.0,126.0,41.0,24.3,7.6,24.3,6.0
0501,05,Arkansas,01,255052,31,82.2,9.0,124.9,47.6,121.1,37.0,16.0,4.0,90.5,41.3,54.4,0.0
0502,05,Arkansas,02,200734,8,25.7,35.0,167.8,22.5,162.2,85.0,31.0,9.0,100.0,8.8,100.0,0.0
0503,05,Arkansas,03,185497,6,19.1,30.0,222.0,5.0,229.2,65.0,26.0,5.0,100.0,0.0,100.0,0.0
0504,05,Arkansas,04,267572,33,65.8,8.0,215.7,63.9,211.7,38.0,14.0,4.0,100.0,53.1,100.0,2.5
0601,06,California,01,227338,10,69.7,2.0,132.8,111.2,131.3,29.0,15.0,4.0,85.0,82.4,51.3,47.5
0602,06,California,02,328020,7,28.6,41.0,90.5,46.4,89.2,214.0,106.0,21.0,28.6,28.6,28.6,18.2
0603,06,California,03,314140,10,7.3,48.0,42.0,18.3,45.6,137.0,71.0,16.0,21.8,6.9,6.7,0.0
0604,06,California,04,234864,5,11.1,35.0,48.2,8.8,46.6,288.0,143.0,31.0,11.1,0.0,0.0,0.0
0605,06,California,05,245913,8,28.5,22.0,101.2,19.4,114.4,71.0,36.0,8.0,76.7,3.2,48.3,0.0
0606,06,California,06,111183,1,0.0,156.0,0.0,0.0,5.6,171.0,89.0,19.0,0.0,0.0,0.0,0.0
0607,06,California,07,282084,3,0.0,154.0,0.6,0.0,6.1,173.0,90.0,19.0,0.0,0.0,0.0,0.0
0608,06,California,08,128473,2,0.0,48.0,37.1,0.0,38.0,419.0,196.0,43.0,0.0,0.0,0.0,0.0
0609,06,California,09,192104,3,0.0,27.0,52.5,0.0,54.2,200.0,101.0,22.0,6.9,0.0,0.0,0.0
0610,06,California,10,261240,2,0.0,48.0,30.4,0.0,31.5,429.0,193.0,42.0,0.0,0.0,0.0,0.0
0611,06,California,11,216413,1,0.0,250.0,0.0,0.0,1.4,446.0,200.0,47.0,0.0,0.0,0.0,0.0
0612,06,California,12,56564,2,0.0,54.0,22.5,0.0,23.1,429.0,193.0,42.0,0.0,0.0,0.0,0.0
0613,06,California,13,285054,5,0.0,29.0,102.0,9.0,117.6,61.0,31.0,7.0,89.0,0.0,40.4,0.0
0614,06,California,14,352939,1,0.0,53.0,22.6,0.0,23.2,429.0,193.0,42.0,0.0,0.0,0.0,0.0
0615,06,California,15,83410,2,0.0,112.0,11.8,0.0,10.8,427.0,193.0,43.0,0.0,0.0,0.0,0.0
0616,06,California,16,245173,2,0.0,97.0,12.2,0.0,16.7,416.0,188.0,41.0,0.0,0.0,0.0,0.0
0617,06,California,17,81631,2,0.0,153.0,8.9,0.0,21.2,420.0,189.0,41.0,0.0,0.0,0.0,0.0
0618,06,California,18,398095,4,4.2,163.0,15.1,15.1,34.0,322.0,144.0,32.0,20.4,20.4,0.0,0.0
0619,06,California,19,231761,4,0.0,95.0,47.0,16.7,61.6,239.0,104.0,25.0,29.5,13.0,16.5,0.0
0620,06,California,20,237645,4,2.2,19.0,146.2,17.4,149.0,32.0,16.0,7.0,100.0,0.0,45.4,0.0
0621,06,California,21,27209,2,0.0,27.0,164.6,18.5,177.6,43.0,23.0,6.0,100.0,0.0,100.0,0.0
0622,06,California,22,100050,3,25.3,13.0,146.8,21.6,151.8,32.0,16.0,7.0,100.0,0.0,46.3,0.0
0623,06,California,23,692925,3,0.0,357.0,35.0,0.0,32.5,641.0,293.0,78.0,2.4,0.0,0.0,0.0
0624,06,California,24,200957,3,0.0,28.0,141.4,5.8,136.6,123.0,57.0,14.0,89.6,0.0,89.6,0.0
0625,06,California,25,583213,3,7.3,49.0,57.9,8.0,57.2,405.0,187.0,52.0,7.3,7.3,0.0,0.0
0626,06,California,26,250963,2,0.0,79.0,51.1,51.1,43.4,936.0,422.0,102.0,0.0,0.0,0.0,0.0
0627,06,California,27,995795,1,0.0,924.0,0.0,0.0,12.0,1052.0,476.0,123.0,0.0,0.0,0.0,0.0
0628,06,California,28,391433,2,0.0,913.0,0.7,0.0,12.4,1044.0,472.0,122.0,0.0,0.0,0.0,0.0
0629,06,California,29,84516,1,0.0,924.0,0.0,0.0,12.0,1052.0,476.0,123.0,0.0,0.0,0.0,0.0
0630,06,California,30,117842,1,0.0,924.0,0.0,0.0,12.0,1052.0,476.0,123.0,0.0,0.0,0.0,0.0
0631,06,California,31,136505,1,0.0,924.0,0.0,0.0,12.0,1052.0,476.0,123.0,0.0,0.0,0.0,0.0
0632,06,California,32,192200,2,0.0,922.0,0.1,0.1,12.1,1052.0,476.0,123.0,0.0,0.0,0.0,0.0
0633,06,California,33,4855,1,0.0,56.0,51.2,0.0,40.6,437.0,202.0,56.0,0.0,0.0,0.0,0.0
0634,06,California,34,32527,1,0.0,924.0,0.0,0.0,12.0,1052.0,476.0,123.0,0.0,0.0,0.0,0.0
0635,06,California,35,19635,3,0.0,716.0,12.4,0.0,19.5,905.0,410.0,107.0,0.0,0.0,0.0,0.0
0636,06,California,36,63720,1,0.0,924.0,0.0,0.0,12.0,1052.0,476.0,123.0,0.0,0.0,0.0,0.0
0637,06,California,37,34660,1,0.0,924.0,0.0,0.0,12.0,1052.0,476.0,123.0,0.0,0.0,0.0,0.0
0638,06,California,38,101718,2,0.0,880.0,0.0,0.0,11.4,1053.0,476.0,123.0,0.0,0.0,0.0,0.0
0639,06,California,39,25914,1,0.0,52.0,54.2,0.0,54.1,437.0,202.0,56.0,0.0,0.0,0.0,0.0
0640,06,California,40,396055,3,0.0,408.0,0.2,0.0,4.7,1059.0,480.0,123.0,0.0,0.0,0.0,0.0
0641,06,California,41,121084,1,0.0,52.0,54.2,0.0,54.1,437.0,202.0,56.0,0.0,0.0,0.0,0.0
0642,06,California,42,139438,1,0.0,924.0,0.0,0.0,12.0,1052.0,476.0,123.0,0.0,0.0,0.0,0.0
0643,06,California,43,47457,1,0.0,924.0,0.0,0.0,12.0,1052.0,476.0,123.0,0.0,0.0,0.0,0.0
0644,06,California,44,59988,1,0.0,924.0,0.0,0.0,12.0,1052.0,476.0,123.0,0.0,0.0,0.0,0.0
0645,06,California,45,113524,2,0.0,444.0,0.0,0.0,5.0,1061.0,481.0,123.0,0.0,0.0,0.0,0.0
0646,06,California,46,86070,1,0.0,410.0,0.0,0.0,4.5,1062.0,481.0,123.0,0.0,0.0,0.0,0.0
0647,06,California,47,199249,1,0.0,410.0,0.0,0.0,4.5,1062.0,481.0,123.0,0.0,0.0,0.0,0.0
0648,06,California,48,712090,2,0.0,235.0,2.6,0.0,10.9,253.0,125.0,27.0,0.0,0.0,0.0,0.0
0649,06,California,49,200720,2,0.0,342.0,0.0,0.0,6.2,726.0,333.0,83.0,0.0,0.0,0.0,0.0
0650,06,California,50,53688,1,0.0,244.0,0.0,0.0,8.6,244.0,121.0,25.0,0.0,0.0,0.0,0.0
0651,06,California,51,39759,1,0.0,244.0,0.0,0.0,8.6,244.0,121.0,25.0,0.0,0.0,0.0,0.0
0652,06,California,52,28299,1,0.0,244.0,0.0,0.0,8.6,244.0,121.0,25.0,0.0,0.0,0.0,0.0
0801,08,Colorado,01,155480,3,0.0,208.0,0.0,0.0,14.7,427.0,205.0,67.0,0.0,0.0,0.0,0.0
0802,08,Colorado,02,238107,12,8.8,32.0,46.3,13.0,63.6,287.0,138.0,40.0,14.5,12.0,3.4,0.0
0803,08,Colorado,03,249774,27,46.5,11.0,197.1,73.5,191.7,23.0,12.0,2.0,100.0,51.4,98.4,23.6
0804,08,Colorado,04,477931,21,9.4,72.0,32.1,8.9,36.3,353.0,170.0,54.0,19.3,7.4,4.9,3.2
0805,08,Colorado,05,128190,1,0.0,48.0,71.4,0.0,69.0,95.0,50.0,9.0,100.0,0.0,0.0,0.0
0806,08,Colorado,06,54585,5,0.0,74.0,8.2,0.0,12.2,428.0,206.0,67.0,0.0,0.0,0.0,0.0
0807,08,Colorado,07,237760,12,16.3,35.0,28.4,11.7,41.4,356.0,171.0,56.0,17.6,5.3,1.2,0.0
0808,08,Colorado,08,39599,3,0.0,134.0,15.7,0.0,32.5,420.0,202.0,65.0,0.0,0.0,0.0,0.0
0901,09,Connecticut,01,185906,3,4.7,70.0,32.7,1.1,38.8,350.0,161.0,43.0,0.0,0.0,0.0,0.0
0902,09,Connecticut,02,292596,6,31.0,48.0,39.2,11.3,46.7,380.0,173.0,49.0,0.0,0.0,0.0,0.0
0903,09,Connecticut,03,201672,3,5.1,277.0,3.7,1.2,9.9,630.0,262.0,87.0,0.0,0.0,0.0,0.0
0904,09,Connecticut,04,211475,2,0.0,90.0,28.5,0.0,27.3,1214.0,508.0,168.0,0.0,0.0,0.0,0.0
0905,09,Connecticut,05,277400,4,0.0,128.0,23.4,0.0,27.5,692.0,295.0,93.0,0.0,0.0,0.0,0.0
1000,10,Delaware,00,343484,3,0.0,53.0,65.2,6.8,65.1,281.0,118.0,34.0,49.7,0.0,0.0,0.0
1198,11,District of Columbia,98,151648,1,0.0,208.0,0.0,0.0,0.5,879.0,407.0,104.0,0.0,0.0,0.0,0.0
1201,12,Florida,01,238912,4,58.1,5.0,249.7,57.8,250.6,25.0,13.0,3.0,100.0,33.4,100.0,0.0
1202,12,Florida,02,239190,16,44.4,2.0,226.4,150.8,191.5,6.0,2.0,0.0,100.0,100.0,99.9,88.9
1203,12,Florida,03,237088,12,31.6,31.0,79.3,18.2,33.2,113.0,41.0,10.0,91.1,9.7,0.0,0.0
1204,12,Florida,04,297712,3,12.4,161.0,8.2,8.2,10.9,266.0,119.0,26.0,0.0,0.0,0.0,0.0
1205,12,Florida,05,146032,2,0.0,146.0,12.0,12.0,16.3,251.0,114.0,25.0,0.0,0.0,0.0,0.0
1206,12,Florida,06,418917,6,20.6,17.0,53.1,16.8,71.2,179.0,74.0,23.0,37.0,0.0,0.0,0.0
1207,12,Florida,07,247563,3,0.0,25.0,30.3,0.0,103.2,212.0,91.0,33.0,0.0,0.0,0.0,0.0
1208,12,Florida,08,379950,3,21.6,30.0,58.7,56.8,131.6,162.0,68.0,25.0,21.6,21.6,0.0,0.0
1209,12,Florida,09,209551,3,0.0,85.0,11.9,11.9,86.3,235.0,98.0,34.0,0.0,0.0,0.0,0.0
1210,12,Florida,10,99554,1,0.0,162.0,0.0,0.0,92.1,234.0,98.0,35.0,0.0,0.0,0.0,0.0
1211,12,Florida,11,322523,4,0.0,58.0,29.5,21.3,79.2,254.0,104.0,35.0,0.0,0.0,0.0,0.0
1212,12,Florida,12,333097,4,0.0,10.0,42.7,32.2,40.1,296.0,127.0,30.0,25.0,0.0,0.0,0.0
1213,12,Florida,13,335522,1,0.0,80.0,24.7,0.0,19.0,366.0,159.0,37.0,0.0,0.0,0.0,0.0
1214,12,Florida,14,155485,2,0.0,208.0,10.8,0.0,11.7,369.0,160.0,37.0,0.0,0.0,0.0,0.0
1215,12,Florida,15,210402,3,0.0,229.0,8.4,8.4,12.9,378.0,163.0,38.0,0.0,0.0,0.0,0.0
1216,12,Florida,16,341457,2,0.0,150.0,21.8,12.7,24.3,405.0,174.0,46.0,0.0,0.0,0.0,0.0
1217,12,Florida,17,445107,3,0.0,66.0,81.9,7.6,83.0,105.0,44.0,23.0,100.0,0.0,21.3,0.0
1218,12,Florida,18,286703,8,16.6,12.0,59.8,51.8,67.3,314.0,131.0,37.0,34.3,22.5,0.0,0.0
1219,12,Florida,19,257967,2,0.0,61.0,121.7,1.4,124.2,65.0,32.0,11.0,100.0,0.0,95.9,0.0
1220,12,Florida,20,820322,2,0.0,138.0,18.2,0.0,48.0,376.0,189.0,27.0,0.0,0.0,0.0,0.0
1221,12,Florida,21,323998,3,0.0,32.0,75.1,35.8,104.8,111.0,55.0,8.0,64.7,41.2,0.0,0.0
1222,12,Florida,22,73336,1,0.0,76.0,40.4,0.0,69.9,239.0,124.0,15.0,0.0,0.0,0.0,0.0
1223,12,Florida,23,71619,2,0.0,164.0,9.3,0.0,39.1,431.0,216.0,32.0,0.0,0.0,0.0,0.0
1224,12,Florida,24,43119,2,0.0,345.0,0.0,0.0,9.7,464.0,230.0,33.0,0.0,0.0,0.0,0.0
1225,12,Florida,25,101021,1,0.0,190.0,0.0,0.0,29.9,489.0,243.0,37.0,0.0,0.0,0.0,0.0
1226,12,Florida,26,375777,2,0.0,204.0,48.7,14.7,55.6,284.0,140.0,23.0,44.6,0.0,0.0,0.0
1227,12,Florida,27,50699,1,0.0,366.0,0.0,0.0,6.9,461.0,228.0,32.0,0.0,0.0,0.0,0.0
1228,12,Florida,28,544287,2,6.2,343.0,6.8,6.8,13.6,432.0,214.0,30.0,6.2,6.2,0.0,0.0
1301,13,Georgia,01,210922,15,59.8,13.0,96.8,36.3,95.3,40.0,18.0,4.0,91.4,33.4,15.0,0.0
1302,13,Georgia,02,218093,30,43.0,3.0,142.9,116.9,137.2,10.0,5.0,1.0,100.0,98.8,51.3,43.7
1303,13,Georgia,03,238405,15,60.6,7.0,52.6,27.1,48.5,311.0,143.0,32.0,25.2,3.4,0.0,0.0
1304,13,Georgia,04,176613,2,0.0,240.0,4.3,4.3,16.2,432.0,197.0,44.0,0.0,0.0,0.0,0.0
1305,13,Georgia,05,122055,3,25.1,178.0,5.3,5.3,11.4,428.0,195.0,44.0,0.0,0.0,0.0,0.0
1306,13,Georgia,06,224646,4,7.4,106.0,7.3,2.1,11.4,423.0,194.0,44.0,0.0,0.0,0.0,0.0
1307,13,Georgia,07,198410,6,10.3,66.0,23.5,18.8,29.7,397.0,180.0,41.0,5.4,0.0,0.0,0.0
1308,13,Georgia,08,221943,29,61.2,1.0,128.1,118.7,126.9,8.0,4.0,1.0,100.0,100.0,60.3,46.1
1309,13,Georgia,09,243817,12,38.7,7.0,52.9,28.3,62.3,263.0,120.0,26.0,38.7,10.4,0.0,0.0
1310,13,Georgia,10,245761,20,78.8,1.0,50.1,31.1,60.0,274.0,125.0,28.0,36.5,5.1,0.0,0.0
1311,13,Georgia,11,195596,5,31.0,9.0,29.7,17.2,33.7,382.0,174.0,40.0,8.5,0.0,0.0,0.0
1312,13,Georgia,12,221909,24,74.7,11.0,142.0,35.9,146.0,32.0,17.0,3.0,100.0,27.5,91.2,0.0
1313,13,Georgia,13,175382,6,39.6,18.0,20.1,20.1,27.2,422.0,192.0,44.0,0.0,0.0,0.0,0.0
1314,13,Georgia,14,223662,10,57.7,5.0,61.1,23.6,63.8,194.0,89.0,20.0,55.9,0.0,0.0,0.0
1501,15,Hawaii,01,105422,1,0.0,42.0,2872.8,0.0,7.9,42.0,17.0,4.0,100.0,0.0,100.0,0.0
1502,15,Hawaii,02,364491,5,20.8,25.0,2853.8,77.1,79.5,25.0,10.0,3.0,100.0,43.4,100.0,27.9
1601,16,Idaho,01,334873,19,16.8,52.0,348.8,16.0,347.4,73.0,38.0,4.0,100.0,13.4,100.0,2.8
1602,16,Idaho,02,204246,26,71.4,15.0,250.2,85.7,243.4,22.0,12.0,1.0,100.0,55.9,100.0,47.7
1701,17,Illinois,01,237190,3,1.9,324.0,10.7,0.7,17.3,580.0,267.0,61.0,0.0,0.0,0.0,0.0
1702,17,Illinois,02,364705,8,13.6,373.0,20.7,5.4,25.3,519.0,239.0,54.0,13.2,0.0,2.5,0.0
1703,17,Illinois,03,169268,2,0.0,327.0,0.0,0.0,14.7,587.0,270.0,63.0,0.0,0.0,0.0,0.0
1704,17,Illinois,04,137637,2,0.0,494.0,0.0,0.0,6.8,587.0,270.0,63.0,0.0,0.0,0.0,0.0
1705,17,Illinois,05,196640,2,0.0,489.0,0.0,0.0,8.6,594.0,273.0,65.0,0.0,0.0,0.0,0.0
1706,17,Illinois,06,286166,2,0.0,423.0,0.0,0.0,10.2,587.0,270.0,63.0,0.0,0.0,0.0,0.0
1707,17,Illinois,07,104513,1,0.0,527.0,0.0,0.0,5.3,587.0,270.0,63.0,0.0,0.0,0.0,0.0
1708,17,Illinois,08,236168,3,0.0,382.0,2.8,0.0,14.3,587.0,270.0,63.0,0.0,0.0,0.0,0.0
1709,17,Illinois,09,151222,3,0.0,453.0,1.1,0.0,12.1,596.0,274.0,65.0,0.0,0.0,0.0,0.0
1710,17,Illinois,10,234042,3,0.0,194.0,2.1,0.0,35.3,639.0,295.0,75.0,0.0,0.0,0.0,0.0
1711,17,Illinois,11,241134,8,2.2,110.0,13.1,0.3,37.1,578.0,266.0,62.0,0.0,0.0,0.0,0.0
1712,17,Illinois,12,289063,34,55.9,31.0,84.9,18.1,85.0,200.0,99.0,23.0,64.9,3.0,26.3,0.0
1713,17,Illinois,13,118005,7,16.0,56.0,70.0,5.2,68.9,298.0,147.0,35.0,46.5,0.0,20.1,0.0
1714,17,Illinois,14,141650,7,0.7,48.0,33.2,4.4,50.6,493.0,228.0,51.0,18.5,0.0,0.0,0.0
1715,17,Illinois,15,332740,35,41.2,31.0,96.0,17.0,95.6,169.0,84.0,17.0,79.4,1.6,37.2,0.0
1716,17,Illinois,16,322587,21,22.8,39.0,87.2,7.1,98.3,156.0,74.0,15.0,84.4,3.1,29.4,0.0
1717,17,Illinois,17,184173,14,20.9,33.0,95.9,13.0,97.6,81.0,41.0,7.0,100.0,0.0,29.8,0.0
1801,18,Indiana,01,219549,3,0.0,44.0,41.1,1.1,36.2,535.0,245.0,55.0,5.2,0.0,0.0,0.0
1802,18,Indiana,02,242364,11,34.6,4.0,97.1,38.8,94.7,51.0,22.0,5.0,100.0,10.4,8.5,0.0
1803,18,Indiana,03,217032,13,51.5,30.0,115.8,17.5,117.2,70.0,33.0,7.0,100.0,0.0,62.4,0.0
1804,18,Indiana,04,211244,16,46.9,3.0,48.1,36.8,47.6,128.0,59.0,13.0,40.3,6.6,0.0,0.0
1805,18,Indiana,05,219450,6,33.8,9.0,38.3,21.8,39.5,168.0,78.0,18.0,9.9,0.0,0.0,0.0
1806,18,Indiana,06,232835,11,40.5,51.0,25.7,20.9,28.1,169.0,80.0,18.0,11.4,0.0,0.0,0.0
1807,18,Indiana,07,164998,1,0.0,160.0,0.0,0.0,1.2,173.0,80.0,19.0,0.0,0.0,0.0,0.0
1808,18,Indiana,08,241484,21,76.9,0.0,98.4,78.1,123.8,28.0,13.0,2.0,95.1,76.6,35.9,0.0
1809,18,Indiana,09,236059,18,74.0,2.0,40.6,40.3,78.7,152.0,67.0,18.0,16.0,16.0,0.0,0.0
1901,19,Iowa,01,246082,20,57.1,23.0,59.4,30.7,58.9,103.0,54.0,11.0,63.6,8.3,6.3,0.0
1902,19,Iowa,02,258853,22,59.3,11.0,67.9,42.0,69.6,72.0,37.0,7.0,69.1,36.5,0.0,0.0
1903,19,Iowa,03,221443,21,29.2,54.0,120.6,19.8,121.3,98.0,49.0,10.0,98.3,16.8,77.3,0.0
1904,19,Iowa,04,252751,36,63.2,10.0,91.0,41.1,107.6,79.0,37.0,9.0,76.0,31.6,28.4,0.0
2001,20,Kansas,01,194370,60,59.5,6.0,203.1,62.1,202.2,32.0,16.0,3.0,94.7,39.8,89.1,14.6
2002,20,Kansas,02,235036,27,30.7,23.0,74.7,28.2,76.1,101.0,52.0,9.0,65.7,19.7,21.8,0.0
2003,20,Kansas,03,208807,5,10.7,135.0,5.2,3.4,19.1,233.0,118.0,23.0,1.3,0.0,0.0,0.0
2004,20,Kansas,04,213350,17,6.5,22.0,176.2,14.4,181.6,29.0,14.0,6.0,100.0,7.3,100.0,0.4
2101,21,Kentucky,01,242660,35,90.6,1.0,96.1,72.6,96.3,56.0,24.0,7.0,81.1,80.0,34.8,0.0
2102,21,Kentucky,02,260288,20,40.6,27.0,54.7,54.7,94.0,85.0,34.0,10.0,50.2,50.2,0.0,0.0
2103,21,Kentucky,03,187578,1,0.0,144.0,0.0,0.0,78.1,162.0,64.0,20.0,0.0,0.0,0.0,0.0
2104,21,Kentucky,04,224913,21,68.8,6.0,31.7,19.1,74.2,220.0,102.0,25.0,11.2,2.0,0.0,0.0
2105,21,Kentucky,05,239898,33,70.4,2.0,100.4,71.1,101.4,25.0,11.0,2.0,92.5,75.1,31.4,0.0
2106,21,Kentucky,06,207960,16,56.4,58.0,16.3,16.3,17.1,148.0,55.0,17.0,0.0,0.0,0.0,0.0
2201,22,Louisiana,01,310868,10,17.0,37.0,359.9,6.4,359.7,111.0,48.0,15.0,100.0,0.0,100.0,0.0
2202,22,Louisiana,02,161214,10,29.8,37.0,358.6,10.5,357.5,109.0,48.0,14.0,100.0,0.0,100.0,0.0
2203,22,Louisiana,03,200922,11,43.6,2.0,256.8,75.8,254.4,30.0,12.0,5.0,100.0,73.3,100.0,9.1
2204,22,Louisiana,04,293437,20,48.2,10.0,219.6,72.9,217.7,19.0,7.0,2.0,100.0,58.7,100.0,23.9
2205,22,Louisiana,05,208652,21,51.6,18.0,305.9,48.4,304.0,55.0,27.0,6.0,100.0,34.0,100.0,7.2
2206,22,Louisiana,06,168601,10,35.6,29.0,273.0,40.3,271.2,39.0,20.0,4.0,100.0,44.1,100.0,0.0
2301,23,Maine,01,254173,6,0.0,33.0,129.4,25.7,122.5,58.0,25.0,4.0,100.0,15.0,68.2,0.0
2302,23,Maine,02,259156,11,45.2,6.0,235.9,50.6,206.2,28.0,12.0,2.0,100.0,30.0,100.0,10.8
2401,24,Maryland,01,306659,11,18.6,17.0,46.9,23.1,46.9,417.0,193.0,45.0,27.5,0.0,7.7,0.0
2402,24,Maryland,02,240008,3,0.0,54.0,9.7,5.8,10.9,885.0,408.0,105.0,0.0,0.0,0.0,0.0
2403,24,Maryland,03,183514,3,0.0,34.0,18.9,0.8,18.4,880.0,407.0,104.0,0.0,0.0,0.0,0.0
2404,24,Maryland,04,120853,2,0.0,38.0,7.5,0.0,8.9,879.0,407.0,104.0,0.0,0.0,0.0,0.0
2405,24,Maryland,05,345985,5,30.8,21.0,21.0,11.6,20.7,785.0,362.0,93.0,0.0,0.0,0.0,0.0
2406,24,Maryland,06,293588,5,20.5,88.0,30.1,26.2,44.7,673.0,311.0,79.0,11.9,7.9,0.0,0.0
2407,24,Maryland,07,170772,2,0.0,273.0,0.6,0.0,1.9,884.0,408.0,105.0,0.0,0.0,0.0,0.0
2408,24,Maryland,08,174195,2,0.0,185.0,0.0,0.0,16.7,879.0,407.0,104.0,0.0,0.0,0.0,0.0
2501,25,Massachusetts,01,283756,5,11.6,17.0,67.0,29.2,73.3,214.0,106.0,20.0,81.4,0.0,0.0,0.0
2502,25,Massachusetts,02,241558,5,19.3,38.0,46.3,9.5,50.6,605.0,312.0,69.0,19.3,0.0,0.0,0.0
2503,25,Massachusetts,03,318073,3,0.0,39.0,19.8,0.0,22.6,726.0,376.0,84.0,0.0,0.0,0.0,0.0
2504,25,Massachusetts,04,269687,5,0.0,18.0,17.9,10.2,29.5,725.0,373.0,85.0,0.0,0.0,0.0,0.0
2505,25,Massachusetts,05,146374,3,0.0,135.0,11.8,0.0,14.7,733.0,379.0,85.0,0.0,0.0,0.0,0.0
2506,25,Massachusetts,06,287069,2,0.0,33.0,22.4,0.0,22.4,682.0,361.0,77.0,0.0,0.0,0.0,0.0
2507,25,Massachusetts,07,122468,3,0.0,548.0,1.6,0.0,5.1,733.0,379.0,85.0,0.0,0.0,0.0,0.0
2508,25,Massachusetts,08,176976,4,0.0,204.0,11.4,4.7,14.5,727.0,375.0,85.0,0.0,0.0,0.0,0.0
2509,25,Massachusetts,09,337694,6,38.1,3.0,43.6,39.0,46.8,445.0,229.0,53.0,38.1,38.1,0.0,0.0
2601,26,Michigan,01,321243,36,69.7,3.0,200.5,60.0,245.6,24.0,10.0,2.0,100.0,50.1,97.5,11.1
2602,26,Michigan,02,358169,20,40.9,64.0,46.7,28.1,139.1,175.0,76.0,25.0,33.1,2.8,0.0,0.0
2603,26,Michigan,03,136899,3,0.0,137.0,12.0,12.0,132.9,231.0,98.0,36.0,0.0,0.0,0.0,0.0
2604,26,Michigan,04,177123,6,36.5,18.0,48.0,16.1,117.2,186.0,78.0,28.0,26.6,0.0,0.0,0.0
2605,26,Michigan,05,302628,10,51.9,16.0,58.1,14.3,65.8,196.0,94.0,22.0,48.2,0.0,0.0,0.0
2606,26,Michigan,06,315442,4,0.1,272.0,0.0,0.0,7.1,458.0,217.0,63.0,0.0,0.0,0.0,0.0
2607,26,Michigan,07,250155,7,32.1,54.0,44.2,6.4,47.8,308.0,148.0,38.0,10.3,0.0,0.0,0.0
2608,26,Michigan,08,250714,5,0.0,44.0,63.2,4.9,81.2,102.0,50.0,8.0,48.0,0.0,0.0,0.0
2609,26,Michigan,09,491633,7,2.7,68.0,24.2,4.1,34.2,353.0,166.0,47.0,9.9,0.0,0.0,0.0
2610,26,Michigan,10,129670,2,0.0,64.0,18.9,0.0,19.5,452.0,213.0,62.0,0.0,0.0,0.0,0.0
2611,26,Michigan,11,148229,1,0.0,115.0,0.0,0.0,21.3,452.0,213.0,62.0,0.0,0.0,0.0,0.0
2612,26,Michigan,12,147975,2,0.0,282.0,0.0,0.0,10.2,449.0,212.0,62.0,0.0,0.0,0.0,0.0
2613,26,Michigan,13,181872,1,0.0,304.0,0.0,0.0,8.8,449.0,212.0,62.0,0.0,0.0,0.0,0.0
2701,27,Minnesota,01,221919,21,60.4,63.0,46.5,38.6,53.7,205.0,95.0,21.0,38.2,19.9,3.5,0.0
2702,27,Minnesota,02,202763,5,10.1,35.0,22.4,3.1,22.6,254.0,125.0,22.0,0.0,0.0,0.0,0.0
2703,27,Minnesota,03,282599,2,0.0,207.0,0.5,0.0,5.9,242.0,120.0,21.0,0.0,0.0,0.0,0.0
2704,27,Minnesota,04,179183,2,0.0,92.0,1.9,0.0,11.7,242.0,120.0,21.0,0.0,0.0,0.0,0.0
2705,27,Minnesota,05,76519,3,0.0,203.0,1.0,0.0,6.3,242.0,120.0,21.0,0.0,0.0,0.0,0.0
2706,27,Minnesota,06,206287,7,17.1,43.0,29.2,2.9,31.9,224.0,112.0,19.0,9.3,0.0,0.0,0.0
2707,27,Minnesota,07,262440,38,62.9,7.0,144.9,46.3,156.9,45.0,23.0,3.0,92.1,42.5,51.7,0.7
2708,27,Minnesota,08,280976,21,11.8,34.0,136.7,16.3,141.1,96.0,49.0,7.0,77.5,5.1,68.1,0.0
2801,28,Mississippi,01,215071,21,49.1,13.0,78.5,20.2,79.8,61.0,33.0,4.0,67.5,0.0,15.6,0.0
2802,28,Mississippi,02,240247,30,71.5,8.0,199.0,36.1,196.4,23.0,13.0,1.0,99.0,27.3,85.3,0.0
2803,28,Mississippi,03,195369,23,99.5,0.0,223.5,55.5,223.7,17.0,9.0,1.0,100.0,52.4,100.0,0.0
2804,28,Mississippi,04,221385,12,63.8,3.0,279.6,60.6,280.9,24.0,12.0,3.0,100.0,59.1,100.0,0.0
2901,29,Missouri,01,198499,2,0.0,243.0,0.0,0.0,6.1,459.0,225.0,60.0,0.0,0.0,0.0,0.0
2902,29,Missouri,02,296712,4,3.1,124.0,10.1,0.9,19.3,457.0,224.0,60.0,0.0,0.0,0.0,0.0
2903,29,Missouri,03,221997,16,30.8,24.0,64.6,16.7,72.9,260.0,126.0,34.0,48.9,0.0,14.6,0.0
2904,29,Missouri,04,281125,24,50.0,25.0,78.2,27.3,96.0,110.0,55.0,11.0,59.1,13.3,34.2,0.0
2905,29,Missouri,05,128077,2,0.0,97.0,2.2,0.0,21.1,238.0,121.0,23.0,0.0,0.0,0.0,0.0
2906,29,Missouri,06,296903,39,50.3,25.0,59.3,25.9,61.1,159.0,82.0,16.0,48.1,15.9,12.0,0.0
2907,29,Missouri,07,237486,10,47.4,24.0,174.7,15.6,191.5,56.0,29.0,3.0,100.0,0.0,100.0,0.0
2908,29,Missouri,08,236291,28,56.7,13.0,109.0,36.4,111.5,108.0,54.0,13.0,82.5,24.3,41.5,0.0
3001,30,Montana,01,182346,16,36.6,36.0,303.6,22.3,445.1,54.0,28.0,2.0,100.0,13.3,100.0,0.0
3002,30,Montana,02,182863,41,39.0,40.0,135.6,59.8,515.7,52.0,29.0,2.0,66.1,41.8,55.0,16.9
3101,31,Nebraska,01,160578,12,29.4,24.0,53.1,20.9,53.8,184.0,80.0,27.0,23.9,18.2,0.0,0.0
3102,31,Nebraska,02,182749,3,4.2,176.0,2.7,1.3,3.6,238.0,104.0,35.0,0.0,0.0,0.0,0.0
3103,31,Nebraska,03,218436,80,72.5,3.0,159.9,84.6,164.5,30.0,14.0,4.0,93.1,57.1,68.9,28.5
3201,32,Nevada,01,80342,1,0.0,86.0,271.2,0.0,250.8,86.0,44.0,6.0,100.0,0.0,100.0,0.0
3202,32,Nevada,02,243259,13,30.5,38.0,142.1,29.3,146.5,53.0,23.0,5.0,100.0,13.9,81.6,9.7
3203,32,Nevada,03,161065,1,0.0,86.0,271.2,0.0,250.8,86.0,44.0,6.0,100.0,0.0,100.0,0.0
3204,32,Nevada,04,429914,7,2.8,79.0,266.8,5.8,247.3,80.0,41.0,6.0,100.0,6.8,100.0,0.5
3301,33,New Hampshire,01,196161,6,41.7,6.0,68.7,37.0,57.2,416.0,217.0,47.0,42.8,0.0,9.6,0.0
3302,33,New Hampshire,02,291937,9,23.6,17.0,82.2,38.4,50.8,354.0,185.0,38.0,53.0,0.0,18.6,0.0
3401,34,New Jersey,01,196180,3,0.0,53.0,15.3,0.1,15.5,504.0,211.0,63.0,0.0,0.0,0.0,0.0
3402,34,New Jersey,02,324987,6,6.7,13.0,45.3,23.9,49.6,472.0,194.0,60.0,13.3,0.0,0.0,0.0
3403,34,New Jersey,03,288082,3,0.0,79.0,14.5,8.2,21.8,915.0,382.0,124.0,0.0,0.0,0.0,0.0
3404,34,New Jersey,04,262274,2,0.0,109.0,16.2,0.0,36.9,926.0,386.0,127.0,0.0,0.0,0.0,0.0
3405,34,New Jersey,05,355225,3,0.0,233.0,6.2,4.3,17.5,1217.0,515.0,168.0,0.0,0.0,0.0,0.0
3406,34,New Jersey,06,132378,2,0.0,204.0,0.0,0.0,8.5,1214.0,513.0,171.0,0.0,0.0,0.0,0.0
3407,34,New Jersey,07,319533,6,0.0,64.0,18.4,6.6,25.2,1101.0,465.0,151.0,0.0,0.0,0.0,0.0
3408,34,New Jersey,08,146252,3,0.0,22.0,8.4,5.2,8.8,1224.0,516.0,170.0,0.0,0.0,0.0,0.0
3409,34,New Jersey,09,141854,3,0.0,211.0,3.3,3.3,12.4,1223.0,516.0,169.0,0.0,0.0,0.0,0.0
3410,34,New Jersey,10,142477,3,0.0,36.0,14.3,1.0,15.0,1215.0,513.0,170.0,0.0,0.0,0.0,0.0
3411,34,New Jersey,11,259637,3,0.0,48.0,19.0,0.7,22.5,1216.0,514.0,170.0,0.0,0.0,0.0,0.0
3412,34,New Jersey,12,262914,4,0.0,154.0,6.8,0.0,10.2,1140.0,481.0,157.0,0.0,0.0,0.0,0.0
3501,35,New Mexico,01,136309,10,19.5,67.0,385.4,27.9,32.6,93.0,50.0,8.0,100.0,14.5,100.0,13.3
3502,35,New Mexico,02,280009,15,36.7,40.0,345.8,50.6,117.3,57.0,31.0,5.0,100.0,31.9,100.0,14.9
3503,35,New Mexico,03,251133,18,40.5,6.0,346.9,95.7,114.1,51.0,28.0,4.0,100.0,57.9,100.0,34.9
3601,36,New York,01,360533,1,0.0,298.0,0.0,0.0,41.9,1208.0,508.0,166.0,0.0,0.0,0.0,0.0
3602,36,New York,02,146075,2,0.0,313.0,0.0,0.0,38.5,1214.0,511.0,167.0,0.0,0.0,0.0,0.0
3603,36,New York,03,348657,3,0.0,294.0,2.4,0.0,19.4,1244.0,522.0,172.0,0.0,0.0,0.0,0.0
3604,36,New York,04,181568,1,0.0,386.0,0.0,0.0,22.0,1245.0,523.0,172.0,0.0,0.0,0.0,0.0
3605,36,New York,05,310820,1,0.0,37.0,9.6,0.0,8.9,1245.0,523.0,172.0,0.0,0.0,0.0,0.0
3606,36,New York,06,170262,1,0.0,37.0,9.6,0.0,8.9,1245.0,523.0,172.0,0.0,0.0,0.0,0.0
3607,36,New York,07,179652,2,0.0,40.0,10.0,0.0,9.4,1248.0,524.0,173.0,0.0,0.0,0.0,0.0
3608,36,New York,08,267109,1,0.0,42.0,10.4,0.0,9.8,1250.0,525.0,173.0,0.0,0.0,0.0,0.0
3609,36,New York,09,152237,1,0.0,42.0,10.4,0.0,9.8,1250.0,525.0,173.0,0.0,0.0,0.0,0.0
3610,36,New York,10,206578,2,0.0,473.0,5.3,0.0,5.4,1248.0,524.0,173.0,0.0,0.0,0.0,0.0
3611,36,New York,11,219010,2,0.0,21.0,15.7,7.9,15.9,1223.0,516.0,171.0,0.0,0.0,0.0,0.0
3612,36,New York,12,202770,1,0.0,926.0,0.0,0.0,0.7,1245.0,523.0,172.0,0.0,0.0,0.0,0.0
3613,36,New York,13,199928,2,0.0,835.0,0.0,0.0,0.9,1245.0,523.0,172.0,0.0,0.0,0.0,0.0
3614,36,New York,14,233269,2,0.0,114.0,2.9,0.0,4.4,1245.0,523.0,172.0,0.0,0.0,0.0,0.0
3615,36,New York,15,162211,1,0.0,147.0,0.0,0.0,2.5,1245.0,523.0,172.0,0.0,0.0,0.0,0.0
3616,36,New York,16,108108,2,0.0,226.0,0.0,0.0,11.9,1244.0,523.0,172.0,0.0,0.0,0.0,0.0
3617,36,New York,17,366773,4,9.2,151.0,8.9,8.0,20.9,1200.0,505.0,166.0,0.0,0.0,0.0,0.0
3618,36,New York,18,217434,3,9.9,4.0,48.9,42.7,58.9,685.0,287.0,91.0,9.9,0.0,0.0,0.0
3619,36,New York,19,309551,11,60.4,1.0,107.4,51.5,111.8,41.0,18.0,3.0,100.0,27.1,40.0,0.0
3620,36,New York,20,200890,5,8.2,16.0,126.9,9.5,119.6,48.0,24.0,3.0,100.0,0.0,43.5,0.0
3621,36,New York,21,327005,15,57.0,4.0,169.7,56.1,129.4,42.0,20.0,3.0,100.0,28.0,100.0,0.0
3622,36,New York,22,219804,5,0.0,56.0,94.9,11.1,94.8,82.0,37.0,5.0,100.0,0.0,10.0,0.0
3623,36,New York,23,423085,9,40.3,88.0,30.2,25.9,32.7,107.0,48.0,12.0,32.2,21.5,0.0,0.0
3624,36,New York,24,305219,14,64.2,2.0,48.1,35.9,48.3,133.0,62.0,15.0,27.6,11.2,7.7,0.0
3625,36,New York,25,244160,2,0.0,116.0,0.4,0.4,1.2,119.0,60.0,16.0,0.0,0.0,0.0,0.0
3626,36,New York,26,69201,2,12.5,129.0,2.6,2.6,6.1,147.0,67.0,16.0,0.0,0.0,0.0,0.0
3701,37,North Carolina,01,253977,22,56.7,5.0,90.6,35.8,90.3,86.0,38.0,7.0,94.1,11.0,23.3,0.0
3702,37,North Carolina,02,135997,1,0.0,44.0,21.7,0.0,21.1,406.0,194.0,37.0,0.0,0.0,0.0,0.0
3703,37,North Carolina,03,220643,11,27.6,12.0,137.4,24.7,136.9,39.0,19.0,2.0,100.0,7.9,66.1,0.0
3704,37,North Carolina,04,187280,4,0.0,156.0,7.3,1.0,8.4,394.0,187.0,37.0,0.0,0.0,0.0,0.0
3705,37,North Carolina,05,219682,10,41.4,6.0,50.1,49.8,52.3,139.0,69.0,15.0,33.5,27.7,0.0,0.0
3706,37,North Carolina,06,195934,6,8.2,30.0,21.7,15.9,25.9,170.0,89.0,18.0,0.0,0.0,0.0,0.0
3707,37,North Carolina,07,277507,8,22.9,3.0,134.2,46.9,132.3,47.0,23.0,4.0,100.0,0.0,67.1,0.0
3708,37,North Carolina,08,224321,9,26.3,34.0,36.1,19.4,83.1,147.0,75.0,15.0,23.0,0.0,0.0,0.0
3709,37,North Carolina,09,269285,7,4.4,14.0,39.2,25.1,39.0,266.0,127.0,26.0,24.4,0.0,0.0,0.0
3710,37,North Carolina,10,229957,5,5.8,39.0,27.0,24.6,42.9,167.0,88.0,18.0,0.0,0.0,0.0,0.0
3711,37,North Carolina,11,287840,16,40.4,7.0,120.7,58.1,152.3,48.0,24.0,4.0,100.0,57.7,62.5,0.0
3712,37,North Carolina,12,134694,1,0.0,157.0,0.0,0.0,81.9,177.0,92.0,19.0,0.0,0.0,0.0,0.0
3713,37,North Carolina,13,263631,8,66.8,15.0,35.7,19.9,34.9,404.0,193.0,37.0,0.0,0.0,0.0,0.0
3714,37,North Carolina,14,249501,6,14.9,61.0,30.4,24.4,95.5,151.0,79.0,16.0,24.5,12.9,0.0,0.0
3800,38,North Dakota,00,217828,53,47.7,23.0,339.4,71.2,412.1,31.0,14.0,3.0,100.0,55.7,100.0,26.8
3901,39,Ohio,01,188913,2,0.0,143.0,9.9,0.0,94.3,272.0,134.0,28.0,0.0,0.0,0.0,0.0
3902,39,Ohio,02,253936,16,49.5,5.0,58.6,38.0,82.1,207.0,105.0,20.0,36.3,8.7,7.5,0.0
3903,39,Ohio,03,128654,1,0.0,390.0,0.0,0.0,1.5,392.0,208.0,32.0,0.0,0.0,0.0,0.0
3904,39,Ohio,04,241645,13,37.6,10.0,58.2,24.6,59.5,225.0,118.0,19.0,51.4,0.0,0.0,0.0
3905,39,Ohio,05,267681,12,40.2,10.0,62.7,22.3,63.7,166.0,76.0,18.0,60.7,4.2,3.6,0.0
3906,39,Ohio,06,312230,11,32.5,26.0,65.2,36.0,65.9,220.0,98.0,27.0,54.2,10.7,0.0,0.0
3907,39,Ohio,07,318844,4,0.9,215.0,12.0,9.0,14.4,370.0,168.0,43.0,0.9,0.0,0.0,0.0
3908,39,Ohio,08,272214,5,5.2,113.0,17.6,1.4,100.3,254.0,126.0,26.0,9.7,0.0,0.0,0.0
3909,39,Ohio,09,241520,8,31.9,35.0,60.1,16.9,61.8,207.0,106.0,20.0,34.3,0.0,0.0,0.0
3910,39,Ohio,10,234573,3,0.0,59.0,51.9,4.6,76.0,261.0,131.0,25.0,0.0,0.0,0.0,0.0
3911,39,Ohio,11,193605,1,0.0,313.0,0.0,0.0,2.5,371.0,169.0,43.0,0.0,0.0,0.0,0.0
3912,39,Ohio,12,255303,12,26.8,11.0,48.9,39.2,48.9,260.0,137.0,23.0,39.5,24.3,0.0,0.0
3913,39,Ohio,13,223966,3,0.0,30.0,34.3,19.4,36.7,372.0,169.0,43.0,0.0,0.0,0.0,0.0
3914,39,Ohio,14,277550,5,0.0,13.0,42.2,25.3,42.1,322.0,144.0,37.0,12.1,0.0,0.0,0.0
3915,39,Ohio,15,274043,6,10.4,270.0,18.4,6.4,20.1,361.0,191.0,29.0,12.6,0.0,0.0,0.0
4001,40,Oklahoma,01,197630,4,10.1,23.0,118.8,2.1,120.9,26.0,11.0,1.0,100.0,0.0,8.6,0.0
4002,40,Oklahoma,02,264715,28,100.0,0.0,150.5,57.5,152.0,26.0,11.0,2.0,100.0,30.4,84.7,4.8
4003,40,Oklahoma,03,229587,32,87.7,21.0,77.9,52.2,80.2,78.0,36.0,7.0,62.2,39.5,14.8,6.6
4004,40,Oklahoma,04,210831,14,43.5,15.0,54.8,33.4,51.1,113.0,52.0,10.0,43.8,19.5,1.1,0.0
4005,40,Oklahoma,05,222297,6,25.4,140.0,10.0,10.0,13.7,183.0,85.0,16.0,3.3,3.3,0.0,0.0
4101,41,Oregon,01,233237,5,19.8,120.0,10.8,9.6,20.9,279.0,137.0,29.0,6.9,6.9,0.0,0.0
4102,41,Oregon,02,305391,23,33.4,9.0,221.7,89.0,225.8,21.0,10.0,1.0,99.3,68.1,93.3,49.5
4103,41,Oregon,03,201161,3,0.0,228.0,4.8,2.1,8.2,300.0,147.0,31.0,3.7,0.0,0.0,0.0
4104,41,Oregon,04,237096,8,15.4,42.0,136.3,36.9,144.0,63.0,33.0,4.0,100.0,35.4,78.4,5.3
4105,41,Oregon,05,236449,7,0.0,39.0,47.6,15.1,52.0,247.0,121.0,24.0,29.2,0.0,11.5,0.0
4106,41,Oregon,06,103239,6,25.8,35.0,33.8,14.0,43.9,263.0,129.0,26.0,0.0,0.0,0.0,0.0
4201,42,Pennsylvania,01,285478,2,0.0,28.0,20.2,0.0,19.7,761.0,310.0,102.0,0.0,0.0,0.0,0.0
4202,42,Pennsylvania,02,195208,1,0.0,400.0,0.0,0.0,0.6,693.0,276.0,92.0,0.0,0.0,0.0,0.0
4203,42,Pennsylvania,03,161677,1,0.0,400.0,0.0,0.0,0.6,693.0,276.0,92.0,0.0,0.0,0.0,0.0
4204,42,Pennsylvania,04,264952,2,0.0,56.0,26.3,0.0,26.2,655.0,264.0,86.0,0.0,0.0,0.0,0.0
4205,42,Pennsylvania,05,244612,4,0.0,104.0,11.9,10.7,12.4,562.0,231.0,73.0,0.0,0.0,0.0,0.0
4206,42,Pennsylvania,06,196644,2,0.0,32.0,37.4,0.0,37.8,516.0,217.0,66.0,0.0,0.0,0.0,0.0
4207,42,Pennsylvania,07,253197,4,9.8,44.0,54.0,2.5,58.8,596.0,236.0,81.0,12.5,0.0,0.0,0.0
4208,42,Pennsylvania,08,234838,5,19.7,28.0,86.5,5.1,96.6,93.0,40.0,10.0,100.0,0.0,0.0,0.0
4209,42,Pennsylvania,09,321119,12,26.2,19.0,99.5,18.8,102.1,174.0,76.0,22.0,84.4,7.0,28.7,0.0
4210,42,Pennsylvania,10,205180,3,0.0,56.0,73.6,0.0,74.9,216.0,101.0,24.0,72.1,0.0,0.0,0.0
4211,42,Pennsylvania,11,269901,2,0.0,41.0,61.7,0.0,62.8,265.0,126.0,29.0,65.9,0.0,0.0,0.0
4212,42,Pennsylvania,12,175011,2,0.0,289.0,3.1,0.0,3.7,326.0,144.0,47.0,0.0,0.0,0.0,0.0
4213,42,Pennsylvania,13,291266,12,22.1,13.0,86.2,45.9,88.5,112.0,49.0,12.0,86.9,28.5,11.0,0.0
4214,42,Pennsylvania,14,304125,6,4.0,20.0,34.7,12.3,34.5,310.0,136.0,43.0,9.2,0.0,0.0,0.0
4215,42,Pennsylvania,15,284458,18,67.7,4.0,107.7,55.6,108.3,72.0,30.0,9.0,88.5,39.4,39.5,0.0
4216,42,Pennsylvania,16,268638,6,0.0,22.0,72.6,29.8,71.9,150.0,63.0,21.0,62.2,15.5,0.0,0.0
4217,42,Pennsylvania,17,323242,2,0.0,264.0,5.6,5.6,6.2,327.0,144.0,47.0,0.0,0.0,0.0,0.0
4401,44,Rhode Island,01,118014,3,44.0,63.0,10.4,8.5,54.5,579.0,295.0,66.0,0.0,0.0,0.0,0.0
4402,44,Rhode Island,02,236095,3,0.0,66.0,10.6,3.4,58.1,615.0,314.0,71.0,0.0,0.0,0.0,0.0
4501,45,South Carolina,01,237870,6,31.5,48.0,30.5,17.9,30.8,94.0,42.0,10.0,34.0,0.0,0.0,0.0
4502,45,South Carolina,02,215909,5,35.9,4.0,112.0,62.1,126.4,23.0,13.0,1.0,100.0,69.5,27.4,0.0
4503,45,South Carolina,03,262452,11,25.0,20.0,120.5,20.7,150.5,80.0,40.0,6.0,100.0,4.9,57.3,0.0
4504,45,South Carolina,04,194415,2,0.0,64.0,97.8,0.0,161.9,94.0,47.0,7.0,100.0,0.0,0.0,0.0
4505,45,South Carolina,05,229153,10,29.7,9.0,52.3,41.1,118.2,124.0,65.0,13.0,38.0,25.0,0.0,0.0
4506,45,South Carolina,06,233355,14,55.4,24.0,59.0,52.6,65.9,59.0,27.0,6.0,60.8,51.2,0.0,0.0
4507,45,South Carolina,07,283695,8,22.1,29.0,100.7,26.3,106.4,45.0,21.0,7.0,100.0,25.8,3.0,0.0
4600,46,South Dakota,00,274034,66,55.6,27.0,151.2,124.4,272.0,43.0,20.0,5.0,70.9,70.9,47.1,42.9
4701,47,Tennessee,01,273845,12,63.1,1.0,154.8,83.3,159.7,30.0,13.0,4.0,100.0,67.9,97.5,0.0
4702,47,Tennessee,02,247683,8,24.7,40.0,165.7,12.0,168.3,73.0,31.0,9.0,100.0,0.0,100.0,0.0
4703,47,Tennessee,03,252822,10,30.7,18.0,128.6,18.0,132.8,51.0,22.0,4.0,100.0,0.0,38.7,0.0
4704,47,Tennessee,04,218079,15,58.7,3.0,67.9,49.6,70.4,237.0,113.0,36.0,58.7,39.3,7.2,0.0
4705,47,Tennessee,05,167876,6,27.6,203.0,21.3,21.3,22.9,532.0,253.0,83.0,2.6,2.6,0.0,0.0
4706,47,Tennessee,06,240745,19,41.4,86.0,54.4,44.5,57.7,320.0,153.0,49.0,42.0,39.3,4.7,0.0
4707,47,Tennessee,07,236888,14,48.2,159.0,32.8,32.8,32.1,471.0,225.0,73.0,13.8,13.8,0.0,0.0
4708,47,Tennessee,08,263691,20,71.4,34.0,60.7,56.2,65.3,55.0,28.0,4.0,53.8,53.8,3.9,0.0
4709,47,Tennessee,09,177623,2,5.6,112.0,1.7,1.7,7.4,119.0,60.0,9.0,0.0,0.0,0.0,0.0
4801,48,Texas,01,224822,17,49.3,23.0,142.7,38.4,141.3,55.0,22.0,7.0,100.0,24.2,67.5,0.0
4802,48,Texas,02,225590,2,0.0,781.0,8.7,0.0,12.1,1039.0,490.0,112.0,0.0,0.0,0.0,0.0
4803,48,Texas,03,229066,2,11.9,11.0,29.2,29.2,30.0,492.0,225.0,62.0,0.0,0.0,0.0,0.0
4804,48,Texas,04,182989,12,40.3,7.0,63.8,56.4,64.1,230.0,105.0,30.0,56.0,53.2,6.7,0.0
4805,48,Texas,05,222544,6,50.9,215.0,35.1,19.5,35.1,340.0,154.0,44.0,35.3,0.0,3.1,0.0
4806,48,Texas,06,189275,9,51.8,94.0,42.5,29.1,49.0,345.0,156.0,44.0,33.1,16.9,8.1,0.0
4807,48,Texas,07,58126,2,0.0,789.0,5.9,0.0,8.8,1040.0,490.0,112.0,0.0,0.0,0.0,0.0
4808,48,Texas,08,287146,5,12.9,525.0,23.0,6.1,26.1,915.0,431.0,98.0,12.9,0.0,0.0,0.0
4809,48,Texas,09,92488,3,0.0,838.0,4.9,0.6,8.0,1040.0,490.0,112.0,0.0,0.0,0.0,0.0
4810,48,Texas,10,249715,13,34.5,68.0,39.6,32.4,89.0,188.0,85.0,26.0,37.6,33.7,0.0,0.0
4811,48,Texas,11,168477,20,52.4,4.0,218.8,126.0,237.9,9.0,3.0,2.0,100.0,87.1,75.5,67.7
4812,48,Texas,12,245042,2,12.5,101.0,4.2,4.2,37.8,450.0,204.0,57.0,0.0,0.0,0.0,0.0
4813,48,Texas,13,233758,38,63.2,6.0,175.4,40.9,179.1,133.0,60.0,16.0,72.4,20.5,67.4,1.6
4814,48,Texas,14,249569,5,9.8,16.0,60.0,34.6,57.0,725.0,341.0,79.0,29.6,29.6,0.0,0.0
4815,48,Texas,15,216910,7,16.6,12.0,199.4,199.4,197.8,87.0,38.0,16.0,75.6,75.6,72.1,72.1
4816,48,Texas,16,62756,1,0.0,24.0,324.9,0.0,276.1,30.0,18.0,4.0,100.0,0.0,100.0,0.0
4817,48,Texas,17,219213,14,47.8,16.0,89.9,53.4,115.4,52.0,23.0,9.0,79.2,35.8,25.7,0.0
4818,48,Texas,18,142545,1,0.0,1021.0,0.0,0.0,3.7,1040.0,490.0,112.0,0.0,0.0,0.0,0.0
4819,48,Texas,19,191401,33,40.1,10.0,287.9,70.7,296.6,17.0,7.0,3.0,100.0,46.4,100.0,27.1
4820,48,Texas,20,68553,1,0.0,307.0,0.0,0.0,1.9,309.0,130.0,58.0,0.0,0.0,0.0,0.0
4821,48,Texas,21,235896,10,46.8,79.0,28.5,28.5,41.6,249.0,105.0,46.0,15.5,15.5,0.0,0.0
4822,48,Texas,22,223051,5,10.8,86.0,30.0,7.6,30.4,930.0,438.0,100.0,10.8,5.1,0.0,0.0
4823,48,Texas,23,413405,29,19.2,150.0,144.7,27.0,128.9,165.0,71.0,31.0,49.8,16.2,46.2,12.4
4824,48,Texas,24,165726,2,0.0,237.0,0.0,0.0,21.7,496.0,226.0,63.0,0.0,0.0,0.0,0.0
4825,48,Texas,25,208421,13,45.2,45.0,36.4,36.1,67.1,298.0,134.0,37.0,23.6,23.6,2.2,2.2
4826,48,Texas,26,181794,4,13.5,14.0,33.5,33.5,37.0,441.0,201.0,56.0,7.6,7.6,0.0,0.0
4827,48,Texas,27,224626,14,56.9,1.0,131.4,129.1,137.0,21.0,9.0,4.0,87.9,87.9,72.1,57.4
4828,48,Texas,28,221385,9,15.0,178.0,65.1,65.1,65.6,212.0,90.0,40.0,32.0,32.0,31.9,31.9
4829,48,Texas,29,127046,1,0.0,1021.0,0.0,0.0,3.7,1040.0,490.0,112.0,0.0,0.0,0.0,0.0
4830,48,Texas,30,237901,2,0.0,428.0,0.0,0.0,3.0,496.0,226.0,63.0,0.0,0.0,0.0,0.0
4831,48,Texas,31,230852,6,20.4,10.0,42.7,18.9,122.6,119.0,52.0,21.0,41.0,4.7,0.0,0.0
4832,48,Texas,32,91376,3,0.0,406.0,2.0,2.0,3.9,496.0,226.0,63.0,0.0,0.0,0.0,0.0
4833,48,Texas,33,136262,2,0.0,275.0,0.0,0.0,18.0,496.0,226.0,63.0,0.0,0.0,0.0,0.0
4834,48,Texas,34,146564,5,4.7,9.0,281.6,281.6,279.7,17.0,10.0,3.0,100.0,100.0,100.0,100.0
4835,48,Texas,35,124655,4,2.3,179.0,3.1,3.1,63.5,207.0,88.0,38.0,0.0,0.0,0.0,0.0
4836,48,Texas,36,249880,8,29.6,637.0,32.2,28.0,34.0,788.0,371.0,85.0,24.3,24.3,6.5,1.9
4837,48,Texas,37,59628,2,0.0,151.0,0.7,0.7,90.6,164.0,70.0,29.0,0.0,0.0,0.0,0.0
4838,48,Texas,38,189989,1,0.0,1021.0,0.0,0.0,3.7,1040.0,490.0,112.0,0.0,0.0,0.0,0.0
4901,49,Utah,01,195232,8,11.5,74.0,41.3,41.3,35.0,264.0,137.0,32.0,19.6,19.6,0.0,0.0
4902,49,Utah,02,203055,13,16.6,111.0,134.4,76.0,139.4,175.0,91.0,22.0,47.0,47.0,46.1,46.1
4903,49,Utah,03,131854,11,34.7,166.0,44.7,35.0,52.8,252.0,130.0,31.0,22.2,22.2,14.0,11.5
4904,49,Utah,04,165339,4,4.7,149.0,20.6,20.6,31.8,307.0,159.0,38.0,4.7,4.7,0.0,0.0
5000,50,Vermont,00,230149,14,54.1,14.0,179.8,32.8,67.2,59.0,28.0,4.0,100.0,18.8,91.8,0.0
5101,51,Virginia,01,235298,18,30.5,23.0,36.9,23.8,37.1,158.0,69.0,19.0,30.0,7.8,0.0,0.0
5102,51,Virginia,02,252511,8,15.3,6.0,102.2,18.9,102.5,82.0,35.0,13.0,100.0,5.4,5.4,0.0
5103,51,Virginia,03,178948,5,0.0,25.0,87.1,10.9,87.5,87.0,37.0,14.0,100.0,0.0,0.0,0.0
5104,51,Virginia,04,243680,15,23.2,62.0,14.9,7.9,14.9,177.0,79.0,19.0,6.2,0.0,0.0,0.0
5105,51,Virginia,05,278006,24,58.0,14.0,43.9,31.1,44.8,140.0,65.0,14.0,41.1,2.1,0.0,0.0
5106,51,Virginia,06,262979,22,63.7,6.0,66.7,36.8,69.7,121.0,58.0,14.0,58.2,21.8,0.0,0.0
5107,51,Virginia,07,184773,11,19.2,6.0,37.4,35.1,44.7,535.0,249.0,67.0,0.0,0.0,0.0,0.0
5108,51,Virginia,08,174946,4,2.3,186.0,3.9,3.9,11.5,881.0,408.0,104.0,0.0,0.0,0.0,0.0
5109,51,Virginia,09,286622,28,75.7,4.0,100.2,66.8,100.5,54.0,28.0,6.0,88.8,48.8,33.2,17.6
5110,51,Virginia,10,231775,7,13.1,62.0,19.0,19.0,32.7,728.0,336.0,90.0,0.0,0.0,0.0,0.0
5111,51,Virginia,11,201056,2,3.3,370.0,0.1,0.1,16.5,882.0,408.0,104.0,0.0,0.0,0.0,0.0
5301,53,Washington,01,48192,2,0.0,195.0,18.4,0.0,19.6,409.0,222.0,50.0,0.0,0.0,0.0,0.0
5302,53,Washington,02,179649,5,24.5,20.0,80.3,6.7,74.0,144.0,76.0,17.0,69.6,0.0,0.0,0.0
5303,53,Washington,03,268106,7,5.3,38.0,37.8,12.3,37.8,282.0,141.0,30.0,16.3,0.8,0.0,0.0
5304,53,Washington,04,186878,8,35.1,15.0,157.0,58.4,163.0,17.0,8.0,1.0,100.0,68.2,88.0,8.5
5305,53,Washington,05,255395,12,29.5,40.0,263.3,14.8,269.6,85.0,42.0,6.0,100.0,8.5,100.0,0.0
5306,53,Washington,06,223054,6,16.3,16.0,48.7,26.5,43.3,309.0,166.0,37.0,29.3,16.3,0.0,0.0
5307,53,Washington,07,37024,1,0.0,385.0,0.0,0.0,8.9,435.0,234.0,52.0,0.0,0.0,0.0,0.0
5308,53,Washington,08,866672,6,1.6,231.0,18.2,4.8,23.3,405.0,218.0,49.0,4.7,4.7,0.0,0.0
5309,53,Washington,09,49232,1,0.0,385.0,0.0,0.0,8.9,435.0,234.0,52.0,0.0,0.0,0.0,0.0
5310,53,Washington,10,94719,2,0.0,49.0,46.8,0.0,49.2,432.0,231.0,52.0,0.0,0.0,0.0,0.0
5401,54,West Virginia,01,316360,28,63.9,7.0,145.8,35.1,145.3,35.0,15.0,3.0,100.0,20.7,88.5,0.0
5402,54,West Virginia,02,299751,27,57.3,8.0,82.4,48.5,85.1,118.0,53.0,14.0,82.1,40.3,5.9,0.0
5501,55,Wisconsin,01,254630,5,13.2,85.0,20.2,7.2,73.2,328.0,163.0,42.0,0.0,0.0,0.0,0.0
5502,55,Wisconsin,02,221780,6,21.1,106.0,14.2,12.7,15.7,166.0,94.0,15.0,0.0,0.0,0.0,0.0
5503,55,Wisconsin,03,225343,19,53.6,27.0,84.2,23.6,84.5,81.0,42.0,6.0,89.5,10.1,5.2,0.0
5504,55,Wisconsin,04,140341,1,0.0,208.0,0.0,0.0,89.2,260.0,133.0,36.0,0.0,0.0,0.0,0.0
5505,55,Wisconsin,05,258877,6,8.3,63.0,23.1,6.2,69.1,242.0,124.0,31.0,0.0,0.0,0.0,0.0
5506,55,Wisconsin,06,245904,11,18.6,25.0,65.8,12.6,91.3,137.0,71.0,15.0,57.6,0.0,0.0,0.0
5507,55,Wisconsin,07,295224,26,28.0,29.0,131.0,14.9,135.1,88.0,45.0,7.0,84.5,0.0,63.9,0.0
5508,55,Wisconsin,08,245774,11,3.6,35.0,127.1,6.5,142.7,73.0,38.0,6.0,100.0,0.0,61.5,0.0
5600,56,Wyoming,00,179475,23,66.6,4.0,176.0,151.7,252.7,11.0,6.0,1.0,100.0,83.3,71.2,66.6
