nct_id,brief_title,conditions,cancer_type_label,multi_subtype,categories_matched,hand_check_category,agree
NCT07539441,A Study of Mirdametinib in People With Central Nervous System Tumors,Central Nervous System Tumors;Glioma,Brain & CNS,,brain_cns,,
NCT06488222,Intravesical Gemcitabine and Docetaxel for Low Grade Intermediate Risk Bladder Cancer,Bladder Cancer,Bladder & urothelial,,bladder_urothelial,,
NCT05303519,SIGMA (Safusidenib in IDH1 Mutant Glioma Maintenance),"Glioma;Astrocytoma, Grade IV;IDH1-mutant Glioma;Astrocytoma, IDH-Mutant, Grade 3;Astrocytoma, IDH-Mutant, Grade 4;Astrocytoma, IDH-Mutant, Grade 2;Oligodendroglioma;Oligodendroglioma, IDH-Mutant and 1p/19q-Codeleted",Brain & CNS,,brain_cns,,
NCT04253964,Pilot Study of Performance Status 2 vs. Performance Status 0-1 Non-small Cell Lung Cancer Patients Treated With Chemo/Immunotherapy,Nonsmall Cell Lung Cancer;Performance Status,Lung & thoracic,,lung,,
NCT06542250,"A Study to Evaluate Safety, PK, PD and Efficacy of AZD5492, a T Cell-engaging Antibody Targeting CD20 in Subjects With R/R B-Cell Malignancies.",B-cell Malignancies,Multiple cancer types / basket or umbrella,unspecified solid / hematologic,,,
NCT07362888,First-in-Human Study of ADCE-B05 in Patients With Advanced Solid Tumors,Solid Tumors (Phase 1),Multiple cancer types / basket or umbrella,unspecified solid / hematologic,,,
NCT05107674,A Study of NX-1607 in Adults With Advanced Malignancies,"Ovarian Cancer, Epithelial;Gastric Cancer;GastroEsophageal Junction (GEJ) Cancer;Head and Neck Squamous Cell Carcinoma;Metastatic or Unresectable Melanoma;Non-small Cell Lung Cancer (NSCLC);Metastatic Castration-resistant Prostate Cancer (mCRPC);Malignant Pleural Mesothelioma (MPM);Triple Negative Breast Cancer (TNBC);Metastatic Urothelial Carcinoma;Cervical Cancer;Diffuse Large B Cell Lymphoma (DLBCL);Richter Transformation;Microsatellite Stable Colorectal Carcinoma",Multiple cancer types / basket or umbrella,multiple named cancers,bladder_urothelial;breast;colorectal;gastric_esophageal;gynecologic;head_neck;lung;lymphoma;melanoma_skin;prostate,,
NCT07578571,A Phase 1 Study of IM-1617 in Participants With Advanced Cancer,Colorectal Cancer;Non-Small Cell Lung Cancer;Breast Cancer;Esophageal Cancer;Stomach Cancer;Cancer,Multiple cancer types / basket or umbrella,multiple named cancers,breast;colorectal;gastric_esophageal;lung,,
NCT07281768,Capecitabine/Oxaliplatin Chemotherapy and Cemiplimab With or Without Fianlimab or REGN7075 in Locally Advanced Rectal Cancer,Colorectal Cancer,Colorectal,,colorectal,,
NCT06265727,A Phase 1/2 Study to Investigate CRB-701 in Solid Tumors,"Solid Tumor, Adult",Multiple cancer types / basket or umbrella,unspecified solid / hematologic,,,
NCT05915442,Adenosine Signaling Modulation and Immune Checkpoint Inhibition With Hormone Sensitive Oligometastatic Prostate Cancer,Oligometastatic Prostate Cancer,Prostate,,prostate,,
NCT06548412,"CTX-009 With Gemcitabine, Cisplatin, and Durvalumab as First-line Therapy in Patients With Unresectable or Metastatic Biliary Tract Cancers",Metastatic Biliary Tract Cancer,Liver & biliary,,liver_biliary,,
NCT06641908,Anti-GD2 ADC M3554 in Advanced Solid Tumors,Advanced Solid Tumor,Multiple cancer types / basket or umbrella,unspecified solid / hematologic,,,
NCT03942328,Modified Immune Cells (Autologous Dendritic Cells) and a Vaccine (Prevnar) Combined With Immune Checkpoint Inhibition After High-Dose External Beam Radiation Therapy in Treating Patients With Unresectable Liver Cancer,Stage III Hepatocellular Carcinoma AJCC v8;Stage III Intrahepatic Cholangiocarcinoma AJCC v8;Stage IV Hepatocellular Carcinoma AJCC v8;Stage IV Intrahepatic Cholangiocarcinoma AJCC v8;Unresectable Hepatocellular Carcinoma;Unresectable Intrahepatic Cholangiocarcinoma,Liver & biliary,,liver_biliary,,
NCT05870800,Phase II Open-label Trial of Neoadjuvant Immunochemotherapy for Resectable Non-metastatic Colon cancER: NICER,Stage I Colon Cancer;Stage II Colon Cancer;Stage III Colon Cancer,Colorectal,,colorectal,,
NCT07428044,A Study of Trastuzumab Deruxtecan in People With Non-Small Cell Lung Cancer,Non-Small Cell Lung Cancer;Non-small Cell Lung Cancer Stage II;Non-Small Cell Lung Cancer Stage IIIA;Non-Small Cell Lung Cancer Stage IIIB,Lung & thoracic,,lung,,
NCT05837767,A Study of Radiation Therapy to Treat Solid Tumor Cancer That Has Spread to Soft Tissue,Invasive Ductal Breast Carcinoma;Invasive Ductal Breast Carcinoma Stage IV;Lobular Breast Carcinoma;Lobular Breast Carcinoma Stage IV;Non Small Cell Lung Cancer;NSCLC;Gastrointestinal Cancer;Gastrointestinal Squamous Cell Cancer;Gastrointestinal Adenocarcinoma;Pancreatic Cancer;Bladder Cancer;Renal Cell Carcinoma;Melanoma;Sarcoma;Metastatic Solid Tumor,Multiple cancer types / basket or umbrella,multiple named cancers,bladder_urothelial;breast;kidney;lung;melanoma_skin;pancreatic;sarcoma,,
NCT05661461,Dose-escalation Study to Assess Safety and Pharmacokinetics of Nab-Sirolimus in Patients With Locally Advanced or Metastatic Solid Tumors and Moderate Liver Impairment,"Tumor, Solid;Tumor;Advanced Solid Tumor",Multiple cancer types / basket or umbrella,unspecified solid / hematologic,,,
NCT03541928,"Phase II High Risk Prostate Cancer Trial Using Gene & Androgen Deprivation Therapies, Radiotherapy, & Surgery",High-risk Prostate Cancer;Prostate Cancer,Prostate,,prostate,,
NCT06551584,Trial for Patients w/ Advanced Hematologic Malignancies Undergoing Allogeneic HCT,Acute Myeloid Leukemia;Acute Lymphoid Leukemia;Mixed Phenotype Acute Leukemia;Myelodysplastic Syndromes,Multiple cancer types / basket or umbrella,multiple named cancers,leukemia;mds_mpn,,
NCT07355205,First-Line Ipilimumab Plus Nivolumab and Nogapendekin Alfa Inbakicept (N-803) in Patients With Stage IV or Recurrent Non-Small Cell Lung Cancer,Non-small Cell Lung Cancer Stage IV;Non-small Cell Lung Cancer Recurrent,Lung & thoracic,,lung,,
NCT05155501,Clinical Trial of Approaches to Prostate Cancer Surgery,Prostate Cancer,Prostate,,prostate,,
NCT04018872,Evaluating the Effect of Itraconazole on Pathologic Complete Response Rates in Esophageal Cancer,Esophagus Adenocarcinoma;Esophagus Squamous Cell Carcinoma;Gastroesophageal Junction Adenocarcinoma,Gastric & esophageal,,gastric_esophageal,,
NCT06101290,Locally Ablative TherapY in Oligo-ProgressiVe GEnitourinary TumoRs (LAYOVER),Prostate Cancer;Oligoprogressive;Urothelial Carcinoma;Renal Cell Carcinoma,Multiple cancer types / basket or umbrella,multiple named cancers,bladder_urothelial;kidney;prostate,,
NCT07582172,Total Marrow and Lymphoid Irradiation in Combination With Fludarabine and Melphalan as Conditioning for Allogeneic Peripheral Blood Stem Cell Hematopoietic Cell Transplant in Older Patients With Refractory and Relapsed Acute Myeloid Leukemia and High-risk Myelodysplastic Syndrome,Acute Myeloid Leukemia With Complex Karyotype;Myelodysplastic Chronic Myelomonocytic Leukemia;Myelodysplastic Syndrome;Recurrent Acute Myeloid Leukemia;Recurrent Myelodysplastic Chronic Myelomonocytic Leukemia;Recurrent Myelodysplastic Syndrome;Recurrent Secondary Acute Myeloid Leukemia;Refractory Acute Myeloid Leukemia;Refractory Myelodysplastic Chronic Myelomonocytic Leukemia;Refractory Myelodysplastic Syndrome;Refractory Secondary Acute Myeloid Leukemia,Multiple cancer types / basket or umbrella,multiple named cancers,leukemia;mds_mpn,,
NCT06723236,A Study of MGC028 in Participants With Advanced Solid Tumors,Advanced Solid Tumors;NSCLC Adenocarcinoma;Cholangiocarcinoma;Pancreatic Carcinoma;Colorectal Carcinoma,Multiple cancer types / basket or umbrella,multiple named cancers,colorectal;liver_biliary;lung;pancreatic,,
NCT06636734,"Lovastatin and Pembrolizumab for the Treatment of Patients With Recurrent or Metastatic Head and Neck Cancer, LAPP Trial",Clinical Stage IV HPV-Mediated (p16-Positive) Oropharyngeal Carcinoma AJCC v8;Human Papillomavirus-Related Neck Squamous Cell Carcinoma of Unknown Primary;Metastatic Head and Neck Squamous Cell Carcinoma;Metastatic Hypopharyngeal Squamous Cell Carcinoma;Metastatic Laryngeal Squamous Cell Carcinoma;Metastatic Nasopharyngeal Squamous Cell Carcinoma;Metastatic Oral Cavity Squamous Cell Carcinoma;Metastatic Oropharyngeal Squamous Cell Carcinoma;Metastatic Paranasal Sinus Squamous Cell Carcinoma;Recurrent Head and Neck Squamous Cell Carcinoma;Recurrent Hypopharyngeal Squamous Cell Carcinoma;Recurrent Laryngeal Squamous Cell Carcinoma;Recurrent Nasopharyngeal Squamous Cell Carcinoma;Recurrent Oral Cavity Squamous Cell Carcinoma;Recurrent Oropharyngeal Squamous Cell Carcinoma;Recurrent Paranasal Sinus Squamous Cell Carcinoma;Stage IV Hypopharyngeal Carcinoma AJCC v8;Stage IV Laryngeal Cancer AJCC v8;Stage IV Lip and Oral Cavity Cancer AJCC v8;Stage IV Nasopharyngeal Carcinoma AJCC v8;Stage IV Oropharyngeal (p16-Negative) Carcinoma AJCC v8;Stage IV Sinonasal Cancer AJCC v8,Head & neck,,head_neck,,
NCT05286814,"PDS01ADC in Combination With Hepatic Artery Infusion Pump (HAIP) and Systemic Therapy for Subjects With Metastatic Colorectal Cancer, Intrahepatic Cholangiocarcinoma, or Metastatic Adrenocortical Carcinoma",Metastatic Colorectal Cancer (Mcrc);Intrahepatic Cholangiocarcinoma (Icc);Intrahepatic Bile Duct Cancer;Colorectal Neoplasms;Colorectal Cancer;Cholangiocarcinoma;Bile Duct Neoplasms;Bile Duct Cancer;Adrenocortical Carcinoma (ACC);Adrenal Cortical Carcinoma;Adrenal Gland Cancer;Adrenal Gland Neoplasms;Adrenal Cortex Neoplasms,Multiple cancer types / basket or umbrella,multiple named cancers,colorectal;liver_biliary;neuroendocrine_endocrine,,
NCT04529044,177Lu-DOTATATE for the Treatment of Stage IV or Recurrent Breast Cancer,Anatomic Stage IV Breast Cancer AJCC v8;Metastatic Breast Carcinoma;Recurrent Breast Carcinoma,Breast,,breast,,
NCT07605416,"Testing an Experimental Approach to Treat Patients With Plasma Cell Leukemia, The QUANTUM Trial",Plasma Cell Leukemia,Myeloma & plasma cell,,myeloma,,
NCT04744116,Addition of Cord Blood Tissue-Derived Mesenchymal Stromal Cells to Ruxolitinib for the Treatment of Steroid-Refractory Acute Graft Versus Host Disease,Hematopoietic and Lymphoid Cell Neoplasm;Steroid Refractory Graft Versus Host Disease,Multiple cancer types / basket or umbrella,unspecified solid / hematologic,,,
NCT05996185,Study of Mogamulizumab With DA-EPOCH or CHOEP in Patients With Aggressive T-cell Lymphoma,T Cell Lymphoma;T-cell Lymphoma,Lymphoma,,lymphoma,,
NCT06890884,"A Clinical Study of Zilovertamab Vedotin (MK-2140) Plus Rituximab Plus Cyclophosphamide, Doxorubicin, and Prednisone (R-CHP) Versus Polatuzumab Vedotin Plus R-CHP in People With Diffuse Large B-cell Lymphoma (DLBCL) (MK-2140-011/waveLINE-011)","Lymphoma, Large B-Cell, Diffuse",Lymphoma,,lymphoma,,
NCT07463807,"Testing the Investigational Medication Combination of Teclistamab and Pomalidomide Compared to the Usual Treatment (Carfilzomib, Pomalidomide, and Dexamethasone) for Patients With Multiple Myeloma Who Have Relapsed Shortly After Treatment",Recurrent Multiple Myeloma;Refractory Multiple Myeloma,Myeloma & plasma cell,,myeloma,,
NCT07223034,A Study of 177Lu-PSMA-617 in People With Gliomas,"Glioma;Diffuse Astrocytoma, IDH-Wildtype (Grade 2-4);Glioblastoma, IDH-wildtype;Diffuse Midline Glioma, H3 K27-Altered;Diffuse Hemispheric Glioma, H3 G34-mutant;Diffuse Pediatric-type High-grade Glioma, H3-wildtype and IDH-wildtype",Brain & CNS,,brain_cns,,
NCT06663319,A Study of JNJ-89402638 for Metastatic Colorectal and Gastric Cancers,Colorectal Neoplasms;Gastrointestinal Neoplasms,Multiple cancer types / basket or umbrella,title names additional cancers,colorectal;gastric_esophageal,,
NCT06840262,Target Muscle Re-innervation and Regenerative Peripheral Nerve Interfaces Alone and in Combination for the Treatment of Residual and Phantom Limb Pain in Cancer Patients Who Have Received an Amputation,Amputation,Other / unclassified,,,,
NCT07085091,A First in Human Study of ALX2004 With Advanced or Metastatic Selected Solid Tumors,NSCLC (Advanced Non-small Cell Lung Cancer);HNSCC;CRC (Colorectal Cancer);ESCC;Colo-rectal Cancer;Head and Neck Cancer;Esophageal Squamous Cell Carcinoma (ESCC),Multiple cancer types / basket or umbrella,multiple named cancers,colorectal;gastric_esophageal;head_neck;lung,,
NCT02701153,Phase II Study of 5-Day Hypofractionated Preoperative Radiation Therapy for Soft Tissue Sarcomas: Expansion Cohort,Recurrent Adult Soft Tissue Sarcoma,Sarcoma,,sarcoma,,
NCT07301268,GI-102 Alone or With Pembrolizumab Before Surgery for Treatment of Recurrent or Progressive IDH Wildtype Glioblastoma and IDH Mutated Grade 4 Astrocytoma,"Glioblastoma, IDH-Wildtype;Progressive Astrocytoma, IDH-Mutant, Grade 4;Progressive Glioblastoma;Progressive Gliosarcoma;Recurrent Astrocytoma, IDH-Mutant, Grade 4;Recurrent Glioblastoma, IDH-Wildtype;Recurrent Gliosarcoma;Resectable Astrocytoma;Resectable Glioblastoma",Brain & CNS,,brain_cns,,
NCT05568680,"SynKIR-110 for Mesothelin Expressing Ovarian Cancer, Cholangiocarcinoma or Mesothelioma","Ovarian Cancer;Cholangiocarcinoma Recurrent;Mesothelioma, Malignant",Multiple cancer types / basket or umbrella,multiple named cancers,gynecologic;liver_biliary;lung,,
NCT04169737,"Acalabrutinib and Venetoclax With or Without Early Obinutuzumab for the Treatment of High Risk, Recurrent, or Refractory Chronic Lymphocytic Leukemia or Small Lymphocytic Lymphoma",Recurrent Chronic Lymphocytic Leukemia;Recurrent Small Lymphocytic Lymphoma;Refractory Chronic Lymphocytic Leukemia;Refractory Small Lymphocytic Lymphoma,Leukemia,,leukemia,,
NCT07128381,"Phase I/II Clinical Trial of Axatilimab, a CSF1R Monoclonal Antibody, in Combination With Ruxolitinib as Therapy for Patients With Myelofibrosis (MF) and Chronic Myelomonocytic Leukemia (CMML)",Myelofibrosis (MF);Chronic Myelomonocytic Leukemia (CMML),MDS & MPN,,mds_mpn,,
NCT06794645,Pembrolizumab and Pemetrexed for Progressive Chordoma,Chordomas;Chordoma,Sarcoma,,sarcoma,,
NCT03861676,Image-guided Focal Brachytherapy Utilizing Combined 18F-DCFPyl PET/CT,Prostate Cancer,Prostate,,prostate,,
NCT06256588,A Study of Dostarlimab vs Placebo After Chemoradiation in Adult Participants With Locally Advanced Unresected Head and Neck Squamous Cell Carcinoma,"Neoplasms, Head and Neck",Head & neck,,head_neck,,
NCT05549661,Onvansertib for the Treatment of Recurrent or Refractory Chronic Myelomonocytic Leukemia and Myelodysplastic Syndrome/MPN Overlap Neoplasms,"Recurrent Chronic Myelomonocytic Leukemia;Refractory Chronic Myelomonocytic Leukemia;Myelodysplastic/Myeloproliferative Neoplasm, Not Otherwise Specified;Recurrent Atypical Chronic Myeloid Leukemia;Recurrent Myelodysplastic/Myeloproliferative Neoplasm;Refractory Myelodysplastic/Myeloproliferative Neoplasm",MDS & MPN,,mds_mpn,,
NCT05624918,A Study of NovoTTF-200T(P) in Combination With Gemcitabine and Nab-Paclitaxel for Resectable Pancreatic Adenocarcinoma,Pancreatic Adenocarcinoma;Resectable Pancreatic Cancer,Pancreatic,,pancreatic,,
NCT06071624,"Chimeric Antigen Receptor T Cell Therapy Redirected to CD4 (CD4CAR)as a Second Line Treatment for Chronic Myelomonocytic Leukemia, CMML.",Chronic Myelomonocytic Leukemia,MDS & MPN,,mds_mpn,,
NCT03758989,A Study of PET Adapted Therapy and Non-invasive Monitoring for Previously Untreated Limited Stage Diffuse Large B Cell Lymphoma,DLBCL,Lymphoma,,lymphoma,,
NCT07619313,"AB801 in Combination With Chemotherapy and Immunotherapy for the Treatment of Patients With Borderline Resectable, Locally Advanced or Metastatic Cholangiocarcinoma or Pancreatic Cancer",Borderline Resectable Pancreatic Ductal Adenocarcinoma;Locally Advanced Cholangiocarcinoma;Locally Advanced Pancreatic Adenocarcinoma;Metastatic Cholangiocarcinoma;Metastatic Pancreatic Adenocarcinoma;Stage II Pancreatic Cancer AJCC v8;Stage III Pancreatic Cancer AJCC v8;Stage IV Pancreatic Cancer AJCC v8,Multiple cancer types / basket or umbrella,multiple named cancers,liver_biliary;pancreatic,,
NCT05401110,"Study of Osimertinib With Carotuximab in Advanced, EGFR-mutated Non-Small Cell Lung Cancer",Non Small Cell Lung Cancer;Lung Cancer,Lung & thoracic,,lung,,
NCT04181060,Osimertinib With or Without Bevacizumab as Initial Treatment for Patients With EGFR-Mutant Lung Cancer,Advanced Lung Non-Squamous Non-Small Cell Carcinoma;Metastatic Lung Non-Squamous Non-Small Cell Carcinoma;Recurrent Lung Non-Squamous Non-Small Cell Carcinoma;Stage IIIB Lung Cancer AJCC v8;Stage IV Lung Cancer AJCC v8,Lung & thoracic,,lung,,
NCT07160725,"A Phase 1/2a, First-in-human, Study of BMS-986517 in Participants With Advanced Solid Tumors",Solid Tumours,Multiple cancer types / basket or umbrella,unspecified solid / hematologic,,,
NCT07629960,A First-in-Human Trial of BLU-924 (SAR449336) in Advanced Solid Tumors Harboring KRAS Mutations,Advanced Solid Tumor;Non-Small Cell Lung Cancer;Colorectal Neoplasms;Pancreatic Ductal Adenocarcinoma,Multiple cancer types / basket or umbrella,multiple named cancers,colorectal;lung;pancreatic,,
NCT05734560,D2C7-IT and 2141-V11 in Newly Diagnosed GBM Patients,Newly Diagnosed MGMT Unmethylated Glioblastoma,Brain & CNS,,brain_cns,,
NCT05704647,Phase II Study of Nivolumab in Combination With Relatlimab in Patients With Active Melanoma Brain Metastases,Melanoma (Skin),Melanoma & skin,,melanoma_skin,,
NCT06211335,"Losartan, Pembrolizumab and Stereotactic Body Radiation Therapy for the Treatment of Patients With Locally Recurrent, Refractory or Oligometastatic Head and Neck Squamous Cell Carcinoma",Locally Recurrent Head and Neck Squamous Cell Carcinoma;Metastatic Head and Neck Squamous Cell Carcinoma;Refractory Head and Neck Squamous Cell Carcinoma,Head & neck,,head_neck,,
NCT07287917,Study of AMXT 1501 and DFMO in Combination With Standard Therapies in Advanced Solid Tumors,Melanoma (Skin Cancer);HER2-low Hormone Receptor Positive Breast Cancer,Multiple cancer types / basket or umbrella,multiple named cancers,breast;melanoma_skin,,
NCT05095207,"Abemaciclib in Combination With Bicalutamide for Androgen Receptor-positive, HER2-negative Metastatic Breast Cancer",Breast Cancer;Metastasis,Breast,,breast,,
NCT03629171,"Liposome-encapsulated Daunorubicin-Cytarabine and Venetoclax in Treating Participants With Relapsed, Refractory or Untreated Acute Myeloid Leukemia",Recurrent Acute Myeloid Leukemia;Refractory Acute Myeloid Leukemia,Leukemia,,leukemia,,
NCT06548230,A Phase 1B/2A Trial of NADUNOLIMAB in Combination With Azacitidine (With/Without Venetoclax) in Patients With Myelodysplastic Syndrome (MDS) and Acute Myelogenous Leukemia (AML),Myelodysplastic Syndrome(MDS);Acute Myelogenous Leukemia (AML),Multiple cancer types / basket or umbrella,multiple named cancers,leukemia;mds_mpn,,
NCT05126472,Study of 2141-V11 in People With Non-muscle Invasive Bladder Cancer That Did Not Respond to Standard Treatment,Non-muscle Invasive Bladder Cancer,Bladder & urothelial,,bladder_urothelial,,
NCT06901531,A Study of Zolbetuximab Together With Pembrolizumab and Chemotherapy in Adults With Gastric Cancer,Locally Advanced Unresectable Gastroesophageal Junction (GEJ) Adenocarcinoma or Cancer;Locally Advanced Unresectable Gastric Adenocarcinoma or Cancer;Metastatic Gastric Adenocarcinoma or Cancer;Metastatic Gastroesophageal Junction (GEJ) Adenocarcinoma,Gastric & esophageal,,gastric_esophageal,,
NCT06616584,Adding the Immunotherapy Drug Cemiplimab to Usual Treatment for People With Advanced Non-Small Cell Lung Cancer Who Had Previous Treatment With Platinum Chemotherapy and Immunotherapy (An Expanded Lung-MAP Treatment Trial),Recurrent Lung Non-Small Cell Carcinoma;Stage IV Lung Cancer AJCC v8,Lung & thoracic,,lung,,
NCT02523014,"Vismodegib, FAK Inhibitor GSK2256098, Capivasertib, and Abemaciclib in Treating Patients With Progressive Meningiomas",Intracranial Meningioma;Recurrent Meningioma;NF2 Gene Mutation,Brain & CNS,,brain_cns,,
NCT06634589,A Study to Investigate Safety and Effectiveness of Tacabrutideg (BGB-16673) in Combination With Other Agents in Participants With Relapsed or Refractory B-Cell Malignancies,B-cell Malignancy;Relapsed Cancer;Refractory Cancer;B-cell Lymphoma,Multiple cancer types / basket or umbrella,basket with a named cohort,lymphoma,,
NCT07359820,A Study of Lirafugratinib in Non-CCA Solid Tumors With FGFR2 Fusion or Rearrangement,"FGFR2 Gene Fusion/Rearrangement;Other Solid Tumors, Adult",Multiple cancer types / basket or umbrella,unspecified solid / hematologic,,,
NCT06845319,NeoCARD: Anthracycline-Free Neoadjuvant Chemoimmunotherapy in Triple-Negative Breast Cancer Patients,Triple Negative Breast Cancer,Breast,,breast,,
NCT06769698,A Study to See if Giving Fianlimab and Cemiplimab Together is Better Than Cemiplimab Alone at Treating Recurrent or Metastatic Head and Neck Squamous Cell Carcinoma,Head and Neck Squamous Cell Carcinoma (HNSCC),Head & neck,,head_neck,,
NCT06811272,Outpatient Epcoritamab in Large B-cell Lymphoma,Relapsed Large B-cell Lymphoma;Refractory Large B-cell Lymphoma,Lymphoma,,lymphoma,,
NCT07076472,Sonodynamic Therapy With SONALA-001 or 5-ALA HCL and Magnetic Resonance Guided Focused Ultrasound for the Treatment of Progressive or Recurrent Glioblastoma,Progressive Glioblastoma;Recurrent Glioblastoma,Brain & CNS,,brain_cns,,
NCT06191887,B-Cell Activating Factor Receptor (BAFFR)-Based Chimeric Antigen Receptor T-Cells With Fludarabine and Cyclophosphamide Lymphodepletion for the Treatment of Relapsed or Refractory B-cell Hematologic Malignancies,B-Cell Non-Hodgkin Lymphoma;Recurrent Chronic Lymphocytic Leukemia;Recurrent Diffuse Large B-Cell Lymphoma;Recurrent Follicular Lymphoma;Recurrent Mantle Cell Lymphoma;Recurrent Marginal Zone Lymphoma;Recurrent Small Lymphocytic Lymphoma;Recurrent Transformed Chronic Lymphocytic Leukemia;Refractory Chronic Lymphocytic Leukemia;Refractory Diffuse Large B-Cell Lymphoma;Refractory Follicular Lymphoma;Refractory Mantle Cell Lymphoma;Refractory Marginal Zone Lymphoma;Refractory Small Lymphocytic Lymphoma;Refractory Transformed Chronic Lymphocytic Leukemia,Multiple cancer types / basket or umbrella,multiple named cancers,leukemia;lymphoma,,
NCT04506008,Hypofractionated Radiotherapy Followed by Surgical Resection in the Treatment of Soft Tissue Sarcomas,Soft Tissue Sarcomas,Sarcoma,,sarcoma,,
NCT06141031,Radiotherapy in Combination With TTI-101 in Borderline Resectable and Locally Advanced Pancreatic Ductal Adenocarcinoma,Pancreatic Cancer,Pancreatic,,pancreatic,,
NCT07252232,Study of Daraxonrasib (RMC-6236) in Patients With Resected Pancreatic Ductal Adenocarcinoma (PDAC),Pancreatic Cancer;PDAC;PDAC - Pancreatic Ductal Adenocarcinoma;Resectable Pancreatic Ductal Adenocarcinoma (PDAC);Resected Pancreatic Adenocarcinoma,Pancreatic,,pancreatic,,
NCT04620187,Post-op T-DM1 in HER-2+ Salivary Gland Carcinomas,Salivary Gland Cancer;HER2 Gene Mutation,Head & neck,,head_neck,,
NCT07222800,Symbiotic-GI-03: A Study to Learn About the Study Medicine Called PF-08634404 in Combination With Chemotherapy in Adult Participants With Metastatic Colorectal Cancer,Intestinal Neoplasms;Gastrointestinal Neoplasms;Digestive System Neoplasms;Neoplasms by Site;Digestive System Diseases;Gastrointestinal Diseases;Colonic Diseases;Intestinal Diseases;Rectal Diseases;Colorectal Neoplasms,Colorectal,,colorectal,,
NCT04939610,A Study of 177Lu-FAP-2286 in Advanced Solid Tumors,Solid Tumor,Multiple cancer types / basket or umbrella,unspecified solid / hematologic,,,
NCT06401603,"A Phase I Study of Decitabine, Lisaftoclax, and Olverembatinib in Patients With Advanced Chronic Myeloid Leukemia and Philadelphia Chromosome-Positive Acute Myeloid Leukemia",Advanced Chronic Myeloid Leukemia;Philadelphia Chromosome-Positive Acute Myeloid Leukemia,Leukemia,,leukemia,,
NCT04410796,Osimertinib Alone or With Chemotherapy for EGFR-Mutant Lung Cancers,Metastatic Non-small Cell Lung Cancer,Lung & thoracic,,lung,,
NCT05554406,Testing New Therapies for Patients With Acute Myeloid Leukemia Who Are Newly Diagnosed and Have Not Yet Started Treatment (A MyeloMATCH Treatment Trial),"Acute Myeloid Leukemia;Acute Myeloid Leukemia Arising From Previous Myelodysplastic/Myeloproliferative Neoplasm;Acute Myeloid Leukemia Post Cytotoxic Therapy;Acute Myeloid Leukemia, Myelodysplasia-Related",Multiple cancer types / basket or umbrella,multiple named cancers,leukemia;mds_mpn,,
NCT05655949,Y-90 With Durvalumab/Gem/Cis in Intrahepatic Cholangio,Bile Duct Cancer;Cholangiocarcinoma;Cholangiocarcinoma Non-resectable;Cholangiocarcinoma Metastatic;Metastatic Intrahepatic Cholangiocarcinoma,Liver & biliary,,liver_biliary,,
NCT06995677,"Efficacy and Safety of TYRA-300 in Participants With FGFR3 Altered Low Grade, Intermediate Risk Non-Muscle Invasive Bladder Cancer",Low-grade NMIBC;FGFR Gene Amplification;FGFR Gene Alterations;FGFR3 Gene Alteration;FGFR3 Gene Mutation;FGFR3 Gene Fusions,Bladder & urothelial,,bladder_urothelial,,
NCT07055477,A Phase I Trial Anti-CC Chemokine Receptor 4 Chimeric Antigen Receptor T Cells (CCR4 CAR T Cells) for CCR4 Expressing T-cell Malignancies Including Peripheral T-cell Non-Hodgkin Lymphoma (PTCL) and Cutaneous T-cell Non-Hodgkin Lymphoma (CTCL),Relapsed and/or Refractory Mature T Cell Malignancy;Peripheral T-Cell Lymphoma;Angioimmunoblastic T-cell Lymphoma;Anaplastic Large Cell Lymphoma;Hepatosplenic T-cell Lymphoma;Monomorphic Epithelialtropic Intestinal Lymphoma;Enteropathy Associated T-cell Lymphoma;Cutaneous T-Cell Lymphoma;Mycosis Fungoides;Subacute Panniculitis-like T-cell Lymphoma,Lymphoma,,lymphoma,,
NCT04115254,Stereotactic Magnetic Resonance Guided Radiation Therapy,Pancreas Cancer;Lung Cancer;Renal Cancer;Adrenal Metastases;Prostate Cancer;Liver Metastases;Oligoprogressive Nodal Metastases;Metachronous Nodal Metastases;Synchronous Nodal Metastases;Mesothelioma;Spine Metastases;Brain Metastases;Borderline Resectable Pancreatic Carcinoma,Multiple cancer types / basket or umbrella,multiple named cancers,kidney;lung;pancreatic;prostate,,
NCT04256317,A Multi-phase Study of ASTX030 (Azacitidine and Cedazuridine) in Myeloid Neoplasm Alone or in Combination With Venetoclax in AML (AZTOUND Study),Myelodysplastic Syndromes;Acute Myeloid Leukemia;Myelodysplastic Syndrome/Neoplasm;Chronic Myelomonocytic Leukemia,Multiple cancer types / basket or umbrella,multiple named cancers,leukemia;mds_mpn,,
NCT05588141,A Phase I/II Study of Zotiraciclib for Recurrent Malignant Gliomas With Isocitrate Dehydrogenase 1 or 2 (IDH1 or IDH2) Mutations,Brain Tumor;Cancer,Brain & CNS,,brain_cns,,
NCT07660094,Aglatimagene Besadenovec + Prodrug and Pembrolizumab vs Docetaxel for Stage IV Non-Squamous NSCLC Progressing on Pembrolizumab (AURORA),"Non-squamous, Non-Small Cell Lung Cancer",Lung & thoracic,,lung,,
NCT07416188,Novel Indenoisoquinolone CMYC/TOPOISOMERASE 1 Inhibitor (LMP744) in Recurrent Glioblastoma,"Recurrent Glioblastoma;Glioblastoma IDH (Isocitrate Dehydrogenase) Wildtype;Relapsed Cancer;Recurrent Tumor;Glioblastoma Multiforme;Recurring Glioblastoma;Brain and Central Nervous System Tumors;Glioma;Glioblastomas;Grade IV Astrocytoma;GBM;Recurrent Glioma (Glioblastoma Multiforme);High Grade Glioma;Glioma, Malignant;Brain Cancer",Brain & CNS,,brain_cns,,
NCT06146257,A Study of GLB-001 in Patients With Relapsed or Refractory Acute Myeloid Leukemia or Relapsed or Refractory Higher Risk Myelodysplastic Syndromes,Acute Myeloid Leukemia;Myelodysplastic Syndromes,Multiple cancer types / basket or umbrella,multiple named cancers,leukemia;mds_mpn,,
NCT06084936,A Study to Evaluate Glofitamab as a Single Agent vs. Investigator's Choice in Participants With Relapsed/Refractory Mantle Cell Lymphoma,Lymphoma,Lymphoma,,lymphoma,,
NCT05766371,Pembrolizumab Plus 177Lu-PSMA-617 in Patients With Castration Resistant Prostate Cancer,Castrate Resistant Prostate Cancer;Metastatic Castration-resistant Prostate Cancer;Prostate Cancer;Prostate Carcinoma,Prostate,,prostate,,
NCT04219254,A Study of BI-1206 in Combination With Pembrolizumab in Subjects With Advanced Solid Tumors,"Solid Tumor, Adult",Multiple cancer types / basket or umbrella,unspecified solid / hematologic,,,
NCT06566079,Study of ISM6331 in Participants With Advanced/Metastatic Malignant Mesothelioma or Other Solid Tumors,Malignant Mesothelioma;Metastatic Malignant Solid Tumor;Advanced Solid Tumor,Lung & thoracic,,lung,,
NCT06898450,"A Study to Assess the Safety, Tolerability, and Efficacy of NDI-219216 in Patients With Advanced Solid Tumors.",Advanced Solid Tumors Cancer;MSI-H Cancer,Multiple cancer types / basket or umbrella,unspecified solid / hematologic,,,
NCT05365035,"A Phase II Study of Cladribine and Low Dose Cytarabine in Combination With Venetoclax, Alternating With Azacitidine and Venetoclax, in Patients With Higher-risk Myeloproliferative Chronic Myelomonocytic Leukemia or Higher-risk Myelodysplastic Syndromes With Excess Blasts",Myelodysplastic Syndromes;Myeloproliferative Chronic Myelomonocytic Leukemia,MDS & MPN,,mds_mpn,,
NCT07566364,Phase 2 Study Of Mosunetuzumab In Patients With Chronic Lymphocytic Leukemia With Positive MRD,Lymphocytic Leukemia,Leukemia,,leukemia,,
NCT07407920,"Ph2 Study for Optimization of Adjunct Systemic Therapy in HER2+ Patients, MolecularPCR Trial",Anatomic Stage I Breast Cancer AJCC v8;Anatomic Stage II Breast Cancer AJCC v8;Early Stage HER2-Positive Breast Carcinoma;Early Stage Triple-Negative Breast Carcinoma,Breast,,breast,,
NCT07124520,"Normative Ranges of Lingual Strength and Endurance and the Impact of the IOPI Lingual Strength Trainer on Quantitative Functional Outcomes and Patient-Reported Outcomes After Partial Glossectomy or Hemiglossectomy for Oral Tongue Cancer, An Unblinded: Randomized Pilot Study",Tongue Cancer,Head & neck,,head_neck,,
NCT06233942,Phase 1a/1b First-in-Human Study of BG-C9074 Alone and in Combination With Other Anticancer Therapies in Patients With Advanced Solid Tumors,Advanced Solid Tumor,Multiple cancer types / basket or umbrella,unspecified solid / hematologic,,,
NCT04167696,Study in Relapsed/Refractory Acute Myeloid Leukemia or Myelodysplastic Syndrome Patients to Determine the Recommended Dose of CYAD-02,Acute Myeloid Leukemia;Myelodysplastic Syndrome,Multiple cancer types / basket or umbrella,multiple named cancers,leukemia;mds_mpn,,
NCT07479979,"Study of Selinexor With Carfilzomib, Isatuximab and Dexamethasone for Patients With Relapsed and/or Refractory Multiple Myeloma",Relapse Multiple Myeloma;Refractory Multiple Myeloma,Myeloma & plasma cell,,myeloma,,
NCT06698250,Zanzalintinib (XL-092) Plus Durvalumab and Tremelimumab in Unresectable Hepatocellular Carcinoma (ZENOBIA),Hepatocellular Carcinoma,Liver & biliary,,liver_biliary,,
NCT06899126,"Study of Trastuzumab Deruxtecan, Pembrolizumab, and Platinum-based Chemotherapy in First-line HER2 Overexpressing Non-small Cell Lung Cancer",Non-small Cell Lung Cancer,Lung & thoracic,,lung,,
NCT07497607,Reduced Elective Nodal and CTV Dose for HPV+ Oropharyngeal Squamous Cell Carcinoma,Oropharyngeal Squamous Cell Carcinoma;HPV Positive Oropharyngeal Squamous Cell Carcinoma,Head & neck,,head_neck,,
NCT03683433,Enasidenib and Azacitidine in Treating Patients With Recurrent or Refractory Acute Myeloid Leukemia and IDH2 Gene Mutation,Acute Bilineal Leukemia;Acute Biphenotypic Leukemia;Chronic Myelomonocytic Leukemia;IDH2 Gene Mutation;Myelodysplastic Syndrome;Recurrent Acute Myeloid Leukemia;Refractory Acute Myeloid Leukemia,Multiple cancer types / basket or umbrella,multiple named cancers,leukemia;mds_mpn,,
NCT07546500,"A Study of Azenosertib (ZN-c3) Versus Investigator's Choice Chemotherapy in Subjects With Platinum-Resistant High-Grade Serous Ovarian, Primary Peritoneal, or Fallopian Tube Cancers Positive for Cyclin E1 Protein Expression",Ovarian Cancer,"Gynecologic (ovarian, uterine, cervical)",,gynecologic,,
NCT04090567,Olaparib With Cediranib or AZD6738 for the Treatment of Advanced or Metastatic Germline BRCA Mutated Breast Cancer,Advanced Breast Carcinoma;Anatomic Stage III Breast Cancer AJCC v8;Anatomic Stage IIIA Breast Cancer AJCC v8;Anatomic Stage IIIB Breast Cancer AJCC v8;Anatomic Stage IIIC Breast Cancer AJCC v8;Anatomic Stage IV Breast Cancer AJCC v8;Germline BRCA1 Gene Mutation;Germline BRCA2 Gene Mutation;HER2/Neu Negative;Metastatic Breast Carcinoma;Prognostic Stage III Breast Cancer AJCC v8;Prognostic Stage IIIA Breast Cancer AJCC v8;Prognostic Stage IIIB Breast Cancer AJCC v8;Prognostic Stage IIIC Breast Cancer AJCC v8;Prognostic Stage IV Breast Cancer AJCC v8,Breast,,breast,,
NCT07259317,Relacorilant With Nab-Paclitaxel and Gemcitabine in Patients With Metastatic Pancreatic Adenocarcinoma,"Adenocarcinoma;Carcinoma, Pancreatic Ductal",Pancreatic,,pancreatic,,
NCT05526989,Study of the Combination Dostarlimab With Niraparib In Patients With Penile Carcinoma,Penile Carcinoma,Other named cancer,,other_named,,
NCT06318897,"Open-label, Single Center, Single-arm, Phase 2 Study of Neoadjuvant Pembrolizumab in Combination With Carboplatin and Paclitaxel in Patients With Stage 1 cT1b-T1cN0M0 Triple Negative Breast Cancer",Stage 1 cT1b-T1cN0M0;Triple Negative Breast Cancer,Breast,,breast,,
NCT04628767,Testing the Addition of MEDI4736 (Durvalumab) to Chemotherapy Before Surgery for Patients With High-Grade Upper Urinary Tract Cancer,Renal Pelvis and Ureter Urothelial Carcinoma,Bladder & urothelial,,bladder_urothelial,,
NCT06402357,High Intensity Focused Ultrasound in Prostate Cancer,Prostate Cancer,Prostate,,prostate,,
NCT06493019,"Study of Pembrolizumab, Carboplatin, Paclitaxel, and Radiation for the Treatment of Early-Stage Anal Cancer",Anal Cancer,Other named cancer,,other_named,,
NCT04919629,"APL-2 and Pembrolizumab Versus APL-2, Pembrolizumab and Bevacizumab Versus Bevacizumab Alone for the Treatment of Recurrent Ovarian, Fallopian Tube, or Primary Peritoneal Cancer and Malignant Effusion",Fallopian Tube Carcinosarcoma;Fallopian Tube Clear Cell Adenocarcinoma;Fallopian Tube Endometrioid Adenocarcinoma;Fallopian Tube Serous Adenocarcinoma;Ovarian Carcinosarcoma;Ovarian Clear Cell Adenocarcinoma;Ovarian Endometrioid Adenocarcinoma;Ovarian Serous Adenocarcinoma;Primary Peritoneal Carcinosarcoma;Primary Peritoneal Clear Cell Adenocarcinoma;Primary Peritoneal Endometrioid Adenocarcinoma;Primary Peritoneal Serous Adenocarcinoma;Recurrent Fallopian Tube Carcinoma;Recurrent Ovarian Carcinoma;Recurrent Primary Peritoneal Carcinoma,Multiple cancer types / basket or umbrella,multiple named cancers,gynecologic;sarcoma,,
NCT04496349,A Study Evaluating APG-115 as a Single Agent or in Combination With APG-2575 in Subjects With R/R T-PLL and NHL,T-Prolymphocytic Leukemia;Non-Hodgkins Lymphoma,Multiple cancer types / basket or umbrella,multiple named cancers,leukemia;lymphoma,,
NCT07140172,Axillary Radiotherapy or Axillary Lymph Node Dissection in Patients With Clinically Node- Positive Breast Cancer Undergoing Upfront Tailored Axillary Surgery,Breast Cancer,Breast,,breast,,
NCT06947928,Placebo-Controlled Trial of IFx-Hu2.0 Followed By Pembrolizumab In Checkpoint Inhibitor Naïve Participants With Advanced Or Metastatic Merkel Cell Carcinoma,Advanced Or Metastatic Merkel Cell Carcinoma,Melanoma & skin,,melanoma_skin,,
NCT06053658,Phase 2 Study of Combination Tivozanib and Nivolumab in Advanced Non-Clear Cell Renal Cell Carcinoma,Renal Cell Carcinoma,Kidney,,kidney,,
NCT06731907,A Study of Pembrolizumab With or Without Chemotherapy in Combination With Additional Treatments for Advanced Non-Small Cell Lung Cancer (NSCLC) (MK-3475-01G/KEYMAKER U01),Non-small Cell Lung Cancer,Lung & thoracic,,lung,,
NCT07341867,Systemic Anti-Cancer Therapy Dose Modifications for Individuals With Duffy Null Phenotype,"Multiple Myeloma;Triple Negative Breast Cancer;Duffy Blood Group, Chemokine Receptor Gene Mutation;Duffy Blood Group, Chemokine Receptor Gene C.-67T>C",Multiple cancer types / basket or umbrella,multiple named cancers,breast;myeloma,,
NCT07023432,Belzutifan's Role in Active Surveillance Versus Treatment for Indolentmetastatic Clear Cell Renal Ccell Carcinoma (BRAVE-RCC),Active Surveillance;Clear Cell Renal Cell Carcinoma,Kidney,,kidney,,
NCT05887167,Feasibility and Safety of Collecting and Combining Autologous Hematopoietic Stem Cells With Chimeric Antigen Receptor (CAR) T-Cell Therapy in Subjects With Relapsed/Refractory Hematological Malignancies,Hematologic Malignancy;Large B-cell Lymphoma;Acute Lymphoblastic Leukemia;Mantle Cell Lymphoma;Multiple Myeloma;Diffuse Large B Cell Lymphoma,Multiple cancer types / basket or umbrella,multiple named cancers,leukemia;lymphoma;myeloma,,
NCT06052839,Pulsed Dose Chemotherapy Plus Pembrolizumab in Recurrent/Metastatic HNSCC,Recurrent/Metastatic Head and Neck Squamous Cell Carcinoma (R/M HNSCC),Head & neck,,head_neck,,
NCT07101445,"Evaluating Premedication Regimens (Methylprednisolone vs Dexamethasone-based) for the Prevention of Systemic and Injection Site Reactions to Motixafortide in Patients With Multiple Myeloma Undergoing Stem Cell Mobilization, PARADE Trial",Multiple Myeloma,Myeloma & plasma cell,,myeloma,,
NCT04198766,Study of INBRX-106 and INBRX-106 in Combination With Pembrolizumab (Keytruda®) in Subjects With Locally Advanced or Metastatic Solid Tumors (Hexavalent OX40 Agonist),Solid Tumor;Non-Small Cell Lung Cancer;Head and Neck Cancer;Melanoma;Gastric Cancer;Renal Cell Carcinoma;Urothelial Carcinoma;Resectable Non-Small-Cell Lung Cancer,Multiple cancer types / basket or umbrella,multiple named cancers,bladder_urothelial;gastric_esophageal;head_neck;kidney;lung;melanoma_skin,,
NCT07429110,ColoSeal™ ICD System Anastomotic Protection Pivotal Study,Rectal Cancer Surgery,Colorectal,,colorectal,,
NCT06132685,"Post-Operative Dosing of Dexamethasone in Patients With Brain Tumors After a Craniotomy, PODS Trial",Low Grade Glioma;Malignant Brain Glioma;Malignant Brain Neoplasm;Meningioma,Brain & CNS,,brain_cns,,
NCT07375992,Music Therapy in Newly Diagnosed Glioblastoma After Chemoradiation Therapy (MELODY-GBM),Glioblastoma (GBM),Brain & CNS,,brain_cns,,
NCT07337525,A First in Human Study of PLT012 in Participants With Solid Tumor Cancers,Advanced Malignant Solid Tumor;Solid Tumor Cancer,Multiple cancer types / basket or umbrella,unspecified solid / hematologic,,,
NCT07454382,A Study of Elranatamab and Cyclophosphamide in People With Multiple Myeloma,Multiple Myeloma,Myeloma & plasma cell,,myeloma,,
NCT06510309,Rituximab Plus Venetoclax in Front Line Marginal Zone Lymphoma,Lymphoma;Marginal Zone Lymphoma;MZL,Lymphoma,,lymphoma,,
NCT07600749,Clinical Study of MK-4884 in Participants With Advanced or Metastatic Solid Tumors (MK-4884-001),Malignant Neoplasm,Multiple cancer types / basket or umbrella,unspecified solid / hematologic,,,
NCT04302025,A Study of Multiple Therapies in Biomarker-selected Participants With Resectable Stages IB-III Non-small Cell Lung Cancer (NSCLC),Non-small Cell Lung Cancer,Lung & thoracic,,lung,,
NCT06216301,LUNAR-2: TTFields With Pembrolizumab + Platinum-based Chemotherapy for Metastatic NSCLC,Metastatic Non-small Cell Lung Cancer,Lung & thoracic,,lung,,
NCT06543576,External Beam Radiation Therapy and Brachytherapy With Chemotherapy and Immunotherapy for the Treatment of Stage IVB Cervical Cancer,Cervical Adenocarcinoma;Cervical Adenosquamous Carcinoma;Cervical Squamous Cell Carcinoma;Stage IVB Cervical Cancer American Joint Committee on Cancer (AJCC) v8,"Gynecologic (ovarian, uterine, cervical)",,gynecologic,,
NCT06745076,Personalized Reduction of Chemotherapy Intensity Through ctDNA Evaluation for the Treatment of Patients With Advanced Hodgkin Lymphoma,Advanced Hodgkin Lymphoma;Classic Hodgkin Lymphoma;Lugano Classification Stage III Hodgkin Lymphoma AJCC v8;Lugano Classification Stage IV Hodgkin Lymphoma AJCC v8,Lymphoma,,lymphoma,,
NCT05110742,Phase I/II Study of CD5 CAR Engineered IL15-Transduced Cord Blood-Derived NK Cells in Conjunction With Lymphodepleting Chemotherapy for the Management of Relapsed/Refractory Hematological Malignances,Hematological Malignancy,Multiple cancer types / basket or umbrella,unspecified solid / hematologic,,,
NCT06710379,A Study of ADRX-0405 in Subjects With Select Advanced Solid Tumors,Solid Tumors,Multiple cancer types / basket or umbrella,unspecified solid / hematologic,,,
NCT02064673,Adjuvant Curcumin to Assess Recurrence Free Survival in Patients Who Have Had a Radical Prostatectomy,Prostate Cancer,Prostate,,prostate,,
NCT06541249,MethoTRExATE in MyelOpRolifErative Neoplasms (TREATMORE) Trial,Polycythemia Vera (PV);Essential Thrombocythemia (ET);Myelofibrosis (MF),MDS & MPN,,mds_mpn,,
NCT04723810,TumorGlow Intraoperative Molecular Imaging (IMI),"Tumor, Solid",Multiple cancer types / basket or umbrella,unspecified (title),,,
NCT05013255,Pioglitazone Therapy Targeting Fatigue in Breast Cancer,Breast Cancer;Muscle Fatigue,Breast,,breast,,
NCT06952504,A Study to Compare Sacituzumab Tirumotecan (MK-2870) in Combination With Pembrolizumab (MK-3475) Versus Pembrolizumab Alone as Treatment in Participants With Mismatch Repair Proficient Endometrial Cancer (MK-2870-033/TroFuse-033/GOG-3119/ENGOT-en29),Endometrial Cancer,"Gynecologic (ovarian, uterine, cervical)",,gynecologic,,
NCT06805825,A Study of the c-Kit Specific Antibody-Drug Conjugate NN3201 for Advanced and/or Metastatic Solid Tumors Known to Express c-Kit,Gastrointestinal Stromal Tumors;Small-cell Lung Cancer;Adenoid Cystic Carcinoma;Uveal Melanoma;Neuroendocrine Tumors;Chromophobe Renal Cell Carcinoma;Clear Cell Renal Cell Carcinoma,Multiple cancer types / basket or umbrella,multiple named cancers,head_neck;kidney;lung;melanoma_skin;neuroendocrine_endocrine;sarcoma,,
NCT07235293,A Study to Test DSP107 in Combination With Atezolizumab in Comparison With Fruquintinib as a New Treatment for Colorectal Cancer.,Colorectal Cancer,Colorectal,,colorectal,,
NCT06427798,Somatostatin-Receptors (SSTR)-Agonist [212Pb]VMT-alpha-NET in Metastatic or Inoperable SSTR+ Gastrointestinal Neuroendocrine Tumor and Pheochromocytoma/Paraganglioma Previously Treated With Systemic Targeted Radioligand Therapy,Somatostatin Receptor Positive;Gastrointestinal Neuroendocrine Tumors;Pheochromocytoma;Paragangliomas,Multiple cancer types / basket or umbrella,multiple named cancers,brain_cns;neuroendocrine_endocrine,,
NCT06984861,A Study of Reduced Radiation Therapy With Chemotherapy in People With HPV-Positive Throat Cancer,Oropharyngeal Carcinoma,Head & neck,,head_neck,,
NCT04991103,Minimal Residual Disease Response-adapted Deferral of Transplant in Dysproteinemia (MILESTONE),Multiple Myeloma;Amyloidosis,Myeloma & plasma cell,,myeloma,,
NCT06295588,Clinical Trial of the Seaweed Supplement Fucoidan in Survivors of Cancer,Fatigue;Inflammation,Other / unclassified,,,,
NCT05907980,A Phase I Study of ROSE12 Alone and in Combination With Other Anti-tumor Agents in Patients With Solid Tumors,Solid Tumor,Multiple cancer types / basket or umbrella,unspecified solid / hematologic,,,
NCT06364423,Anti-CD19 Chimeric Antigen Receptor T-Cell Immunotherapy for Leukemias,"Leukemia, Lymphocytic, Chronic, B-Cell;B-Lymphocytic Leukemia, Chronic;B-Cell Chronic Lymphocytic Leukemia;Acute Lymphoblastic Leukemia;Lymphoblastic Lymphoma;Leukemia, Acute Lymphoblastic;Small Lymphocytic Lymphoma",Multiple cancer types / basket or umbrella,multiple named cancers,leukemia;lymphoma,,
NCT05475925,A Study of DR-01 in Subjects With Large Granular Lymphocytic Leukemia or Cytotoxic Lymphomas,"LGLL - Large Granular Lymphocytic Leukemia;Primary Cutaneous Gamma-Delta T-Cell Lymphoma;Primary Cutaneous CD8+ Aggressive Epidermotropic T-Cell Lymphoma;Hepatosplenic T-cell Lymphoma;Subcutaneous Panniculitis-Like T-Cell Lymphoma;Aggressive NK Cell Leukemia;Systemic EBV1 T-cell Lymphoma, if CD8 Positive;Hydroa Vacciniforme-Like Lymphoproliferative Disorder;Extranodal NK/T Cell Lymphoma, Nasal Type;Enteropathy-Associated T-Cell Lymphoma;Monomorphic Epitheliotropic Intestinal T-Cell Lymphoma;Cytotoxic PTCL-NOS (CD8+ or CD56+ and Cytotoxic Marker);Cutaneous PTCL-NOS (CD8+ or CD56+ and Cytotoxic Marker)",Multiple cancer types / basket or umbrella,multiple named cancers,leukemia;lymphoma,,
NCT05756322,The Safety and Tolerability of LBS-007 in Patients With Relapsed or Resistant Acute Leukaemias,Relapsed or Resistant Acute Leukaemias,Leukemia,,leukemia,,
NCT06317649,Venetoclax and HMA Treatment of Older and Unfit Adults With FLT3 Mutated Acute Myeloid Leukemia (AML) (A MyeloMATCH Treatment Trial),Acute Myeloid Leukemia,Leukemia,,leukemia,,
NCT05950464,Testing Different Amounts of the Combination of Drugs M1774 and ZEN-3694 for the Treatment of Recurrent Ovarian and Endometrial Cancer,Recurrent Endometrial Carcinoma;Recurrent Endometrial Clear Cell Adenocarcinoma;Recurrent Endometrial Endometrioid Adenocarcinoma;Recurrent Endometrial Low Grade Endometrioid Adenocarcinoma;Recurrent Ovarian Clear Cell Adenocarcinoma;Recurrent Ovarian Endometrioid Adenocarcinoma;Recurrent Ovarian High Grade Serous Adenocarcinoma;Recurrent Ovarian Low Grade Endometrioid Adenocarcinoma;Recurrent Platinum-Resistant Ovarian Carcinoma,"Gynecologic (ovarian, uterine, cervical)",,gynecologic,,
NCT05026983,Binimetinib and Encorafenib for the Treatment of Metastatic Melanoma and Central Nervous System Metastases,Clinical Stage IV Cutaneous Melanoma AJCC v8;Metastatic Melanoma;Pathologic Stage IV Cutaneous Melanoma AJCC v8,Melanoma & skin,,melanoma_skin,,
NCT05092373,Phase I Study of Tumor Treating Fields (TTF) in Combination With Cabozantinib or With Pembrolizumab and Nab-Paclitaxel in Patients With Advanced Solid Tumors Involving the Abdomen or Thorax,Advanced Breast Carcinoma;Advanced Endometrial Carcinoma;Advanced Fallopian Tube Carcinoma;Advanced Hepatocellular Carcinoma;Advanced Malignant Abdominal Neoplasm;Advanced Malignant Female Reproductive System Neoplasm;Advanced Malignant Thoracic Neoplasm;Advanced Ovarian Carcinoma;Advanced Primary Peritoneal Carcinoma;Advanced Renal Cell Carcinoma;Anatomic Stage III Breast Cancer AJCC v8;Anatomic Stage IIIA Breast Cancer AJCC v8;Anatomic Stage IIIB Breast Cancer AJCC v8;Anatomic Stage IIIC Breast Cancer AJCC v8;Anatomic Stage IV Breast Cancer AJCC v8;Malignant Abdominal Neoplasm;Malignant Solid Neoplasm;Metastatic Breast Carcinoma;Metastatic Endometrial Carcinoma;Metastatic Fallopian Tube Carcinoma;Metastatic Hepatocellular Carcinoma;Metastatic Malignant Abdominal Neoplasm;Metastatic Malignant Female Reproductive System Neoplasm;Metastatic Malignant Thoracic Neoplasm;Metastatic Ovarian Carcinoma;Metastatic Primary Peritoneal Carcinoma;Metastatic Renal Cell Carcinoma;Prognostic Stage III Breast Cancer AJCC v8;Prognostic Stage IIIA Breast Cancer AJCC v8;Prognostic Stage IIIB Breast Cancer AJCC v8;Prognostic Stage IIIC Breast Cancer AJCC v8;Prognostic Stage IV Breast Cancer AJCC v8;Stage III Fallopian Tube Cancer AJCC v8;Stage III Hepatocellular Carcinoma AJCC v8;Stage III Ovarian Cancer AJCC v8;Stage III Primary Peritoneal Cancer AJCC v8;Stage III Renal Cell Cancer AJCC v8;Stage III Uterine Corpus Cancer AJCC v8;Stage IIIA Fallopian Tube Cancer AJCC v8;Stage IIIA Hepatocellular Carcinoma AJCC v8;Stage IIIA Ovarian Cancer AJCC v8;Stage IIIA Primary Peritoneal Cancer AJCC v8;Stage IIIA Uterine Corpus Cancer AJCC v8;Stage IIIA1 Fallopian Tube Cancer AJCC v8;Stage IIIA1 Ovarian Cancer AJCC v8;Stage IIIA2 Fallopian Tube Cancer AJCC v8;Stage IIIA2 Ovarian Cancer AJCC v8;Stage IIIB Fallopian Tube Cancer AJCC v8;Stage IIIB Hepatocellular Carcinoma AJCC v8;Stage IIIB Ovarian Cancer AJCC v8;Stage IIIB Primary Peritoneal Cancer AJCC v8;Stage IIIB Uterine Corpus Cancer AJCC v8;Stage IIIC Fallopian Tube Cancer AJCC v8;Stage IIIC Ovarian Cancer AJCC v8;Stage IIIC Primary Peritoneal Cancer AJCC v8;Stage IIIC Uterine Corpus Cancer AJCC v8;Stage IIIC1 Uterine Corpus Cancer AJCC v8;Stage IIIC2 Uterine Corpus Cancer AJCC v8;Stage IV Fallopian Tube Cancer AJCC v8;Stage IV Hepatocellular Carcinoma AJCC v8;Stage IV Ovarian Cancer AJCC v8;Stage IV Primary Peritoneal Cancer AJCC v8;Stage IV Renal Cell Cancer AJCC v8;Stage IV Uterine Corpus Cancer AJCC v8;Stage IVA Fallopian Tube Cancer AJCC v8;Stage IVA Hepatocellular Carcinoma AJCC v8;Stage IVA Ovarian Cancer AJCC v8;Stage IVA Primary Peritoneal Cancer AJCC v8;Stage IVA Uterine Corpus Cancer AJCC v8;Stage IVB Fallopian Tube Cancer AJCC v8;Stage IVB Hepatocellular Carcinoma AJCC v8;Stage IVB Ovarian Cancer AJCC v8;Stage IVB Primary Peritoneal Cancer AJCC v8;Stage IVB Uterine Corpus Cancer AJCC v8,Multiple cancer types / basket or umbrella,multiple named cancers,breast;gynecologic;kidney;liver_biliary,,
NCT06533579,Gene Therapy for CD19-Positive Hematologic Malignancies (SENTRY-CD19),B-cell Acute Lymphoblastic Leukemia;Large B-cell Lymphoma;Chronic Lymphocytic Leukemia;Small Lymphocytic Lymphoma;Marginal Zone Lymphoma;Follicular Lymphoma;Mantle Cell Lymphoma;Diffuse Large B Cell Lymphoma;High-grade B-cell Lymphoma;Burkitt Lymphoma;Primary Mediastinal Large B-cell Lymphoma (PMBCL);Non Hodgkin Lymphoma;Mixed Phenotype Acute Leukemia,Multiple cancer types / basket or umbrella,multiple named cancers,leukemia;lymphoma,,
NCT04295863,Comparing Dosing Intervals of Nivolumab or Pembrolizumab in Locally Advanced or Metastatic Cancers,Metastatic Cancer,Multiple cancer types / basket or umbrella,unspecified solid / hematologic,,,
NCT05528133,Genomically Guided Radiation Therapy in the Management of Triple Negative Breast Cancer,Triple Negative Breast Cancer,Breast,,breast,,
NCT07025226,"Medication Combinations of Dasatinib, Quercetin, Fisetin, Temozolomide, LMP744, and Autologous TLPO Vaccine for the Treatment of Previously Treated Glioma With Residual Disease",Glioma,Brain & CNS,,brain_cns,,
NCT07562152,Atebimetinib + GnP as a First Line Treatment in Patients With Metastatic Pancreatic Adenocarcinoma,Pancreatic Cancer;Pancreatic Cancer Metastatic;PDAC;PDAC - Pancreatic Ductal Adenocarcinoma;Pancreatic Ductal Adenocarcinoma;Pancreatic Adenocarcinoma Metastatic;Pancreatic Ductal Adenocarcinoma (PDAC);Pancreatic Adenocarcinoma,Pancreatic,,pancreatic,,
NCT07219147,177^Lu-PSMA-617 in Combination With Sipuleucel-T for the Treatment of Metastatic Castration-Resistant Prostate Cancer,Metastatic Castration-Resistant Prostate Adenocarcinoma;Stage IVB Prostate Cancer AJCC v8,Prostate,,prostate,,
NCT07776704,Indirect Calorimetry-Guided Parenteral Nutrition Prescribing in Oncology Patients,Malnutitrion;Cancer,Multiple cancer types / basket or umbrella,unspecified solid / hematologic,,,
NCT06675136,Nab-Paclitaxel PIPAC in Combination With Paclitaxel and Ramucirumab for the Treatment of Stomach Cancer With Peritoneal Metastases,Clinical Stage IVB Gastric Cancer AJCC v8;Metastatic Gastric Adenocarcinoma;Metastatic Malignant Neoplasm in the Peritoneum,Gastric & esophageal,,gastric_esophageal,,
NCT06627647,A Global Phase III Study of Rilvegostomig or Pembrolizumab Plus Chemotherapy for First-Line Treatment of Locally Advanced or Metastatic Non-Squamous NSCLC,Non-squamous Non-small Cell Lung Cancer,Lung & thoracic,,lung,,
NCT05052957,hSTAR GBM (Hematopoetic Stem Cell (HPC) Rescue for GBM),"Glioblastoma Multiforme;Glioblastoma Multiforme, Adult;Supratentorial Glioblastoma;Supratentorial Gliosarcoma",Brain & CNS,,brain_cns,,
NCT07767500,Stereotactic MR-Adaptive Radiation Therapy for Early-stage Renal Cancer,Primary Renal Cancer,Kidney,,kidney,,
NCT07123103,A Study of XB371 Administered in Participants With Locally Advanced or Metastatic Solid Tumors,Solid Tumors,Multiple cancer types / basket or umbrella,unspecified solid / hematologic,,,
NCT05989828,A2-ESO-1 TCR-Engineered T Cells for Relapsed/Refractory Advanced or Metastatic NY-ESO-1 Overexpression Positive Triple Negative Breast Cancer,Triple Negative Breast Cancer,Breast,,breast,,
NCT06287775,"Testing the Combination of an Anti-cancer Drug, Iadademstat, With Other Anti-cancer Drugs (Atezolizumab or Durvalumab) at Improving Outcomes for Small Cell Lung Cancer",Extensive Stage Lung Small Cell Carcinoma;Stage IV Lung Cancer AJCC v8,Lung & thoracic,,lung,,
NCT05142605,Evaluation of Grief Therapy Approaches for Bereaved Parents,Grief;Bereavement;Cancer,Multiple cancer types / basket or umbrella,unspecified solid / hematologic,,,
NCT06047886,UAB 2419-CD34 Selection Using the Automated CliniMACS Prodigy,AML;ALL;Lymphoid Malignancies;Myelodysplastic Syndromes;CML;Primary Myelofibrosis,Multiple cancer types / basket or umbrella,multiple named cancers,leukemia;mds_mpn,,
NCT06656494,ICP-248 in Combination With Azacitidine for the Treatment in Patients With Myeloid Malignancies,Acute Myelogenous Leukemia;Myelodysplastic Syndromes (MDS),Multiple cancer types / basket or umbrella,multiple named cancers,leukemia;mds_mpn,,
NCT07365319,A Safety and Efficacy Study of EIK1001 in Combination With Pembrolizumab and Chemotherapy in Participants With Stage 4 Non-Small Cell Lung Cancer.,Non Small Cell Lung Cancer (Squamous or Non Squamous);Stage 4 NSCLC,Lung & thoracic,,lung,,
NCT07194980,Nemtabrutinib and Lisocabtagene Maraleucel for the Treatment of Relapsed/Refractory Chronic Lymphocytic Leukemia/Small Lymphocytic Lymphoma,Recurrent Chronic Lymphocytic Leukemia/Small Lymphocytic Lymphoma;Refractory Chronic Lymphocytic Leukemia/Small Lymphocytic Lymphoma,Leukemia,,leukemia,,
NCT05945849,CD33KO-HSPC Infusion Followed by CART-33 Infusion(s) for Refractory/Relapsed AML,"Leukemia, Myeloid, Acute",Leukemia,,leukemia,,
NCT07197554,"A Phase 1/1B Study of ST-01156, a Small Molecule RBM39 Degrader, in Patients With Advanced Solid Malignancies",Advanced Solid Tumors;Ewing Sarcoma;Hepatocellular Carcinoma (HCC);Biliary Tract Cancer (BTC),Multiple cancer types / basket or umbrella,multiple named cancers,liver_biliary;sarcoma,,
NCT03011814,Durvalumab With or Without Lenalidomide in Treating Patients With Relapsed or Refractory Cutaneous or Peripheral T Cell Lymphoma,"Folliculotropic Mycosis Fungoides;Recurrent Cutaneous T-Cell Non-Hodgkin Lymphoma;Recurrent Mycosis Fungoides;Refractory Cutaneous T-Cell Non-Hodgkin Lymphoma;Refractory Mycosis Fungoides;Refractory Peripheral T-Cell Lymphoma, Not Otherwise Specified;Sezary Syndrome;Recurrent Mature T- and NK-Cell Non-Hodgkin Lymphoma",Lymphoma,,lymphoma,,
NCT06797635,"Study of Patritumab Deruxtecan Plus Pembrolizumab With Other Anticancer Agents in Participants With High-Risk Early-Stage Triple-Negative or Hormone Receptor-Low Positive/HER-2 Negative Breast Cancer (MK-1022-010, HERTHENA-Breast-03)",Breast Neoplasms;Breast Cancer,Breast,,breast,,
NCT06011109,Treatment of Patients With Recurrent High-Grade Glioma With APG-157 and Bevacizumab,Glioma;Glioblastoma Multiforme,Brain & CNS,,brain_cns,,
NCT05536349,"Time-limited Triplet Combination of Pirtobrutinib, Venetoclax, and Obinutuzumab for Patients With Treatment-naïve Chronic Lymphocytic Leukemia (CLL) or Richter Transformation (RT)",Leukemia,Leukemia,,leukemia,,
NCT04300556,"A Study to Evaluate the Safety, Tolerability, and Efficacy of MORAb-202 (Herein Referred to as Farletuzumab Ecteribulin), a Folate Receptor Alpha (FRα)-Targeting Antibody-drug Conjugate (ADC) in Participants With Selected Tumor Types",Solid Tumor,Multiple cancer types / basket or umbrella,unspecified solid / hematologic,,,
NCT07098988,Trial Investigating Visugromab in Combination With Immunochemotherapy in 1L Treatment of Participants With Metastatic NSCLC,Metastatic Non-Squamous Non-Small Cell Lung Cancer;Adult Solid Tumor,Lung & thoracic,,lung,,
NCT05583708,Phase II Study of Peptide Receptor Radionuclide Therapy in Combination With Immunotherapy for Patients With Merkel Cell Cancer,Merkel Cell Carcinoma,Melanoma & skin,,melanoma_skin,,
NCT05271240,Repeated Superselective Intraarterial Cerebral Infusion (SIACI) of Bevacizumab With Temozolomide and Radiation Compared to Temozolomide and Radiation Alone in Newly Diagnosed GBM,"Glioblastoma;Glioblastoma Multiforme;Glioma, Malignant;GBM;Brain Cancer;Glioblastoma, IDH-wildtype;Glioblastoma Multiforme, Adult",Brain & CNS,,brain_cns,,
NCT07198074,"Testing the Addition of an Antiangiogenic Drug (Bevacizumab) to Chemotherapy (Carboplatin and Paclitaxel) Combined With Immunotherapy (Pembrolizumab) for pMMR, TP53 Mutated Endometrial Cancer",Advanced Endometrial Carcinoma;Recurrent Endometrial Carcinoma,"Gynecologic (ovarian, uterine, cervical)",,gynecologic,,
NCT06001788,Safety and Tolerability of Ziftomenib Combinations in Patients With Relapsed/Refractory Acute Myeloid Leukemia,"AML;AML With Mutated NPM1;Hematologic Malignancy;KMT2Ar;NPM1 Mutation;MLL Rearrangement;Leukemia;Acute Myeloid Leukemia;Leukemia, Myeloid;Leukemia, Myeloid, Acute;Acute Leukemia;Neoplasms by Histologic Type",Leukemia,,leukemia,,
NCT06692738,A Global Phase III Study of Rilvegostomig or Pembrolizumab Plus Chemotherapy for First-Line Treatment of Locally Advanced or Metastatic Squamous Non-small Cell Lung Cancer (NSCLC),Non-small Cell Lung Cancer,Lung & thoracic,,lung,,
NCT07565220,Thiotepa-based Conditioning Regimen With De-escalated Post-graft Cyclophosphamide for Allogeneic Stem Cell Transplantation in Hematologic Malignancies,Acute Lymphocytic Leukemia (ALL);Acute Myeloid Leukemia (AML);Acute Leukemia;Myelodysplastic Syndrome(MDS);Myeloproliferative Neoplasm (MPN),Multiple cancer types / basket or umbrella,multiple named cancers,leukemia;mds_mpn,,
NCT04888975,"A Non-randomized, Open-Label Study to Evaluate the Safety and Effectiveness of the Dayspring Technology for Patients With Breast Cancer Related Lymphedema (BCRL) After Lymphatic Surgery","Lymphedema;Lymphedema, Breast Cancer;Lymphedema Arm",Breast,,breast,,
NCT07089992,A Study of Pembrolizumab in People With Ultra-Rare Sarcomas,Sarcoma,Sarcoma,,sarcoma,,
NCT06228066,Lurbinectedin With or Without Avelumab in Small Cell Carcinoma of the Bladder (LASER),Small Cell Carcinoma of the Bladder;High Grade Neuroendocrine Tumors of the Urinary Tract,Multiple cancer types / basket or umbrella,multiple named cancers,bladder_urothelial;neuroendocrine_endocrine,,
NCT04363164,Sequential Testosterone and Enzalutamide Prevents Unfavorable Progression,Castration Resistant Metastatic Prostate Cancer,Prostate,,prostate,,
NCT04510597,"Comparing the Outcome of Immunotherapy-Based Drug Combination Therapy With or Without Surgery to Remove the Kidney in Metastatic Kidney Cancer, the PROBE Trial",Metastatic Clear Cell Renal Cell Carcinoma;Metastatic Renal Cell Carcinoma;Stage IV Renal Cell Cancer AJCC v8,Kidney,,kidney,,
NCT06559540,Ultra-Hypofractionated vs. Hypofractionated Radiation for Node-Positive Breast Cancer,Node-positive Breast Cancer,Breast,,breast,,
NCT07136779,First-in-Human Trial of VBC101 in Participants With Advanced Solid Tumor Malignancies,Participants With Advanced Solid Tumor Malignancies,Multiple cancer types / basket or umbrella,unspecified solid / hematologic,,,
NCT06264180,VO and Nivolumab vs Physician's Choice in Advanced Melanoma That Progressed on Anti-PD-1 & Anti-CTLA-4 Drugs [IGNYTE-3],Advanced Melanoma,Melanoma & skin,,melanoma_skin,,
