nct_id,brief_title,conditions,setting,setting_terms,hand_check,agree
NCT06424067,Phase 2 Study of Fingolimod in Lung Cancers,Non Small Cell Lung Cancer;Small-cell Lung Cancer,not_stated,,,
NCT07128680,Immunotherapy (Nivolumab and Ipilimumab) With and Without a Live Biotherapeutic Product (EXL01) for the Treatment of Metastatic Renal Cell Cancer,Advanced Clear Cell Renal Cell Carcinoma;Advanced Sarcomatoid Renal Cell Carcinoma;Metastatic Clear Cell Renal Cell Carcinoma;Metastatic Sarcomatoid Renal Cell Carcinoma;Stage III Renal Cell Cancer AJCC v8;Stage IV Renal Cell Cancer AJCC v8,multiple,advanced;first-line;metasta;stage iii;stage iv,,
NCT06216938,RP1 in Primary Melanoma to Reduce the Risk of Sentinel Lymph Node Metastasis,Melanoma,advanced,metasta,,
NCT07549958,PhIbRandomGemcitabine(G)w/or w/Out Pitavastatin(P)MainTx UnresecPancreaticAdenocarcinoma(uPDAC),Pancreatic Cancer;Pancreatic Cancer Metastatic,advanced,metasta;unresectable,,
NCT05586360,T-reg Function Changes: a Novel Immune Regulatory Effect Underlying Benefit of Statin Use on Lethal Prostate Cancer,Prostate Cancer,not_stated,,,
NCT07332455,First-Time-in-Human Study of GSK5471713 in Adults With mCRPC,"Neoplasms, Prostate",advanced,castration resistant;mcrpc;metasta,,
NCT04844528,Effects of Nicotinamide in Patients With Chronic Lymphocytic Leukemia With History of Non-melanoma Skin Cancers,Chronic Lymphocytic Leukemia;Non-melanoma Skin Cancer (NMSC),not_stated,,,
NCT04368702,CONFIRM: Magnetic Resonance Guided Radiation Therapy,Gastric Cancer;Invasive Breast Cancer;in Situ Breast Cancer;Mantle Cell Lymphoma;Larynx Cancer;Bladder Cancer,early,in situ,,
NCT03370406,"Intralesional 5-Fluorouracil (5FU), Topical Calcipotriene Treatment for SCC","Carcinoma, Squamous Cell",not_stated,,,
NCT06101290,Locally Ablative TherapY in Oligo-ProgressiVe GEnitourinary TumoRs (LAYOVER),Prostate Cancer;Oligoprogressive;Urothelial Carcinoma;Renal Cell Carcinoma,not_stated,,,
NCT06958328,Testing Higher Dose Radiation Therapy for Locally Advanced Pancreatic Cancer,Locally Advanced Unresectable Pancreatic Ductal Adenocarcinoma;Stage II Pancreatic Cancer AJCC v8;Stage III Pancreatic Cancer AJCC v8;Stage IV Pancreatic Cancer AJCC v8,multiple,advanced;stage ii;stage iii;stage iv;unresectable,,
NCT06750185,"Safety and Preliminary Effectiveness of BNT317, an Investigational Therapy for Advanced Solid Tumors",Advanced Solid Tumor,advanced,advanced,,
NCT07209449,A Study of Elacestrant Alone or in Combination With Abemaciclib in People With Endometrial Cancer,Endometrial Cancer,advanced,advanced;recurrent,,
NCT05544968,Anti-CD30 biAb-AATC in Patients With Relapsed/Refractory CD30 Positive Hematopoietic Malignancies,Hodgkin Disease;CD30-Positive Diffuse Large B-Cell Lymphoma;CD30+ Anaplastic Large Cell Lymphoma;CD30+ Pleomorphic Large T-Cell Cutaneous Lymphoma;CD30+ Immunoblastic Large T-Cell Cutaneous Lymphoma;Leukemia;Lymphoma,advanced,refractory;relapsed,,
NCT04165772,Study of Induction PD-1 Blockade in Subjects With Locally Advanced Mismatch Repair Deficient Solid Tumors,"Rectal Adenocarcinoma;Clinical Stage: Stage II (T3-4, N-);Stage III (Any T, N+);Solid Tumor;Solid Tumor, Adult",multiple,advanced;stage ii;stage iii,,
NCT04157127,Th-1 Dendritic Cell Immunotherapy Plus Standard Chemotherapy for Pancreatic Adenocarcinoma,Pancreatic Adenocarcinoma;Pancreatic Cancer;Pancreatic Adenosquamous Carcinoma,early,adjuvant,,
NCT07225101,Evaluation of the Efficacy of STRATAFIX for Neurosurgical Cranial and Spine Procedures,"Wound Closure;Brain Tumor Adult;Spine;Neurovascular;Hemorrhagic Stroke, Intracerebral;Traumatic Brain Injury",not_stated,,,
NCT06609005,"A Study to Evaluate the Safety, Pharmacokinetics, Pharmacodynamics, and Antitumor Activity of INV-9956 in Adult Patients With Advanced Metastatic Castration Resistant Prostate Cancer",Advanced Metastatic Castration Resistant Prostate Cancer,advanced,advanced;castration resistant;metasta,,
NCT05890352,Study Adding Drugs to Usual Treatment for Large B-Cell Lymphoma That Returned or Did Not Respond to Treatment,Grade 3b Follicular Lymphoma;High Grade B-Cell Lymphoma;High Grade B-Cell Lymphoma With MYC and BCL2 and/or BCL6 Rearrangements;Recurrent Diffuse Large B-Cell Lymphoma;Refractory Diffuse Large B-Cell Lymphoma;Transformed Non-Hodgkin Lymphoma,advanced,recurrent;refractory;relapsed,,
NCT06785415,"Elotuzumab, Daratumumab, Iberdomide, and Dexamethasone for the Treatment of Relapsed Multiple Myeloma",Recurrent Multiple Myeloma,advanced,recurrent;relapsed,,
NCT06892379,A Study of HS-20110 in Participants With Advanced Solid Tumors,Solid Tumors,advanced,advanced,,
NCT05139017,A Study of Zilovertamab Vedotin (MK-2140) in Combination With Standard of Care in Participants With Relapsed or Refractory Diffuse Large B-Cell Lymphoma (rrDLBCL) (MK-2140-003),DLBCL;Diffuse Large B-Cell Lymphoma,advanced,refractory;relapsed,,
NCT06672146,Comparing New Treatments for People With Newly Diagnosed Acute Myeloid Leukemia That Has an IDH2 Gene Change (A MyeloMATCH Treatment Trial),Acute Myeloid Leukemia,newdx,newly diagnosed,,
NCT05546827,Preoperative Radiotherapy and Immunotherapy for Sinonasal and Anorectal Mucosal Melanoma,Sinonasal Melanoma;Anorectal Melanoma,not_stated,,,
NCT04696575,Lamivudine in Combination With Chemoimmunotherapy for the Treatment of Extensive Stage Small Cell Lung Cancer,Extensive Stage Lung Small Cell Carcinoma,advanced,extensive stage,,
NCT06085729,Phase I/II Study of PEGylated Arginine Deiminase (ADI-PEG20) With Carboplatin and Cabazitaxel in Men With Aggressive Variant Prostate Cancers (AVPC),Prostate Cancer,not_stated,,,
NCT07062003,Minibeam Radiation Therapy With Tungsten Slit Collimator for the Treatment of Recurrent or Metastatic Skin or Soft Tissue Tumors,Metastatic Malignant Skin Neoplasm;Metastatic Malignant Soft Tissue Neoplasm;Recurrent Malignant Skin Neoplasm;Recurrent Malignant Soft Tissue Neoplasm;Skin Neoplasm;Soft Tissue Neoplasm,advanced,metasta;recurrent,,
NCT07455032,Neoadjuvant CADI-05 in Combination With Pembrolizumab for Surgically Resectable Locally Advanced Head and Neck Squamous Cell Carcinomas,Squamous Cell Carcinoma of Head and Neck,multiple,advanced;neoadjuvant;resectable,,
NCT07020221,A Phase 1/2 Study of VS-7375 in Patients With KRAS G12D-Mutated Solid Tumors,"Pancreatic Ductal Adenocarcinoma;Non Small Cell Lung Cancer;Colorectal Cancer;Solid Tumor, Adult;G12D Mutated KRAS",advanced,advanced,,
NCT01913106,HSV-tk + Valacyclovir Therapy in Combination With Brachytherapy for Recurrent Prostate Cancer,Prostatic Neoplasms,advanced,metasta;recurrent,,
NCT05384626,A Study of Neladalkib (NVL-655) in Patients With Advanced NSCLC and Other Solid Tumors Harboring ALK Rearrangement or Activating ALK Mutation (ALKOVE-1),Locally Advanced Solid Tumor;Metastatic Solid Tumor,advanced,advanced;metasta,,
NCT06587490,Total RadIoTherapy of Oligometastatic caNcerS,Oligometastatic Malignant Solid Neoplasm,advanced,oligometasta,,
NCT05456256,A Study of LP-300 With Carboplatin and Pemetrexed in Never Smokers With Advanced Lung Adenocarcinoma,"Adenocarcinoma of Lung;Carcinoma, Non-Small-Cell Lung",advanced,advanced;relapsed,,
NCT07024706,Phase 2 Study of Disease Risk Mutation-Guided Finite Acalabrutinib+Venetoclax for Relapsed CLL Post-1L Finite cBTKi+BCL2i ± Obinutuzumab,Chronic Lymphocytic Leukemia (CLL);Small Lymphocytic Lymphoma (SLL),advanced,1l;first-line;relapsed,,
NCT05071937,ZEN003694 Combined With Talazoparib in Patients With Recurrent Ovarian Cancer,Ovarian Cancer;Peritoneal Cancer;Fallopian Tube Cancer,advanced,recurrent,,
NCT04879121,"Larotrectinib for the Treatment of NTRK Amplification Positive, Locally Advanced or Metastatic Solid Tumors",Locally Advanced Malignant Solid Neoplasm;Metastatic Malignant Solid Neoplasm,advanced,advanced;metasta,,
NCT04747236,Randomized Phase IIB Trial of Oral Azacytidine Plus Romidepsin Versus Investigator's Choice in PTCL,PTCL,advanced,refractory,,
NCT02945579,Multicenter Trial for Eliminating Breast Cancer Surgery or Radiotherapy in Exceptional Responders to Neoadjuvant Systemic Therapy,Estrogen Receptor Negative;HER2 Positive Breast Carcinoma;HER2/Neu Negative;Invasive Breast Carcinoma;Progesterone Receptor Negative;Stage I Breast Cancer AJCC v7;Stage IA Breast Cancer AJCC v7;Stage IB Breast Cancer AJCC v7;Stage II Breast Cancer AJCC v6 and v7;Stage IIA Breast Cancer AJCC v6 and v7;Stage IIB Breast Cancer AJCC v6 and v7;Triple-Negative Breast Carcinoma,early,neoadjuvant;stage i;stage ia;stage ib;stage ii;stage iia,,
NCT06085313,Cancer Pain Management Using a Web-based Intervention,Cancer of Breast;Depressive Symptoms;Cancer Pain,not_stated,,,
NCT07776613,A Study of Romosozumab in People With Breast Cancer and Osteoporosis,Breast Cancer;Metastatic Breast Cancer (MBC),advanced,mbc;metasta,,
NCT06517888,Anti-VEGF Gene Therapy Trial for Vestibular Schwannoma,Vestibular Schwannoma,not_stated,,,
NCT05607095,"A Study of LN-144 or LN-145 in People With Advanced Uveal Melanoma, Undifferentiated Pleomorphic Sarcoma, Dedifferentiated Liposarcoma, or Angiosarcoma",Uveal Melanoma;Melanoma;Metastatic Uveal Melanoma;Metastatic Melanoma,advanced,advanced;metasta,,
NCT06352359,"Safety, Pharmacokinetics (PK), and Efficacy of ONC 841 in Advanced Solid Tumors",Advanced Solid Tumor,advanced,advanced,,
NCT04256018,Mogamulizumab + Low-Dose Total Skin Electron Beam Tx in Mycosis Fungoides & Sézary Syndrome,Sezary Syndrome;Mycosis Fungoides,not_stated,,,
NCT05967416,Study of SIRPant-M in Participants With Relapsed or Refractory Non-Hodgkin's Lymphoma,Refractory Non-Hodgkin Lymphoma;Relapsed Non-Hodgkin Lymphoma,advanced,refractory;relapsed,,
NCT05890677,The LYMPH Trial - Microsurgical Versus Conservative Treatment of Chronic Breast Cancer Associated Lymphedema,"Lymphedema, Breast Cancer",not_stated,,,
NCT07424833,A Study of APG-3288 in Relapsed/Refractory Blood Cancers,Relapsed/Refractory Hematological Malignancies;Relapsed/Refractory Chronic Lymphocytic Leukemia/Small Lymphocytic Leukemia (CLL/SLL;Relapsed/Refractory Diffuse Large B-cell Lymphoma (DLBCL; Including Richter Transformation);Relapsed/Refractory Mantle Cell Lymphoma (MCL);Relapsed/Refractory Waldenström Macroglobulinemia (WM);Relapsed/Refractory Marginal Zone Lymphoma (MZL);Relapsed/Refractory Follicular Lymphoma (FL),advanced,refractory;relapsed,,
NCT07064122,"A Study of AZD2962, an IRAK4 Inhibitor (IRAK4 [a Body Protein] Blocker), in Participants With Haematologic Neoplasms (Blood Cancers)",Haematologic Neoplasms,not_stated,,,
NCT04919629,"APL-2 and Pembrolizumab Versus APL-2, Pembrolizumab and Bevacizumab Versus Bevacizumab Alone for the Treatment of Recurrent Ovarian, Fallopian Tube, or Primary Peritoneal Cancer and Malignant Effusion",Fallopian Tube Carcinosarcoma;Fallopian Tube Clear Cell Adenocarcinoma;Fallopian Tube Endometrioid Adenocarcinoma;Fallopian Tube Serous Adenocarcinoma;Ovarian Carcinosarcoma;Ovarian Clear Cell Adenocarcinoma;Ovarian Endometrioid Adenocarcinoma;Ovarian Serous Adenocarcinoma;Primary Peritoneal Carcinosarcoma;Primary Peritoneal Clear Cell Adenocarcinoma;Primary Peritoneal Endometrioid Adenocarcinoma;Primary Peritoneal Serous Adenocarcinoma;Recurrent Fallopian Tube Carcinoma;Recurrent Ovarian Carcinoma;Recurrent Primary Peritoneal Carcinoma,advanced,recurrent,,
NCT06462794,First In Human Study of CX-801 in Advanced Solid Tumors,"Solid Tumor, Adult",advanced,advanced,,
NCT07607678,A Study in People With Advanced Cancer to Test How Well Different Doses of BI 3819026 Are Tolerated When Taken Alone and Together With Ezabenlimab,Advanced Solid Cancer;Metastatic Solid Cancer,advanced,advanced;metasta;unresectable,,
NCT06947928,Placebo-Controlled Trial of IFx-Hu2.0 Followed By Pembrolizumab In Checkpoint Inhibitor Naïve Participants With Advanced Or Metastatic Merkel Cell Carcinoma,Advanced Or Metastatic Merkel Cell Carcinoma,advanced,advanced;metasta,,
NCT05489211,Study of Dato-DXd as Monotherapy and in Combination With Anti-cancer Agents in Patients With Advanced Solid Tumours (TROPION-PanTumor03),Endometrial Cancer;Gastric Cancer;Metastatic Castration-resistant Prostate Cancer;Ovarian Cancer;Colorectal Cancer;Urothelial Cancer;Biliary Tract Cancer,advanced,advanced;castration-resistant;metasta,,
NCT06558214,"OPTIMUS PRIME: Safety and Feasibility of OPTune GIO® Integrated With MRI-gUided Laser Ablation Surgery and Pembrolizumab for Recurrent GlIoblastoMa, A randomizEd Trial",Recurrent Glioblastoma,advanced,recurrent,,
NCT06004336,A Randomized Trial of Maintenance Systemic Therapy After Radiation for Oligometastatic Renal Cell Carcinoma (ASTROs),Oligometastatic Renal Cell Carcinoma,advanced,oligometasta,,
NCT06810375,Erector Spinae Versus Intercostal Nerve Blocks With Liposomal Bupivacaine for Analgesia in Thoracic Surgery,Lung Cancers,not_stated,,,
NCT06990542,"Image-guided, Tumor-focused Radiotherapy Treatment in Intermediate and High-risk Prostate Cancer",Prostate Cancer,not_stated,,,
NCT06586515,"MOONRAY-01, A Study of LY3962673 in Participants With KRAS G12D-Mutant Solid Tumors",Pancreatic Ductal Adenocarcinoma;Non-small Cell Lung Cancer;Colorectal Cancer,not_stated,,,
NCT07228832,Phase III Study of Ivonescimab or Bevacizumab Combined With FOLFOX in Patients With Metastatic Colorectal Cancer,Metastatic Colorectal Cancer (CRC),advanced,first-line;metasta,,
NCT06792825,HM2023-43:Ph 2 Trial of Tafasitamab With Lenalidomide+Rituximab in Treatment-naive FL and MZL,Follicular Lymphoma;Marginal Zone Lymphoma,newdx,treatment-naive,,
NCT06964009,DT2216 + Paclitaxel in Platinum-Resistant Ovarian Cancer,Ovarian Cancer;Ovarian Carcinoma;Recurrent Ovary Cancer;Recurrent Platinum-Resistant Ovarian Carcinoma,advanced,recurrent,,
NCT06347705,A Study of 2141-V11 in Combination With Standard Treatments in People With Prostate Cancer,Prostate Cancer,multiple,high risk localized;metasta,,
NCT07063212,A Study of Sacituzumab Govitecan in Combination With Cetuximab in People With Head and Neck Squamous Cell Cancer (HNSCC),Squamous Cell Carcinoma of Head and Neck;Sinus Cancer;Nasal Cavity Cancer;Oral Cavity Cancer;Oropharynx Cancer;Hypopharynx Cancer;Larynx Cancer;Oral Squamous Cell Carcinoma;Oropharynx Squamous Cell Carcinoma;Hypopharynx Squamous Cell Carcinoma;Larynx Squamous Cell Carcinoma;HPV Positive Oropharyngeal Squamous Cell Carcinoma,advanced,first-line;metasta;recurrent,,
NCT04905810,Azacitidine or Decitabine With Venetoclax for Acute Myeloid Leukemia With Prior Hypomethylating Agent Failure,Acute Myeloid Leukemia;Recurrent Acute Myeloid Leukemia,advanced,recurrent,,
NCT05422794,"Testing the Addition of Anti-Cancer Drug, ZEN003694 (ZEN-3694) and PD-1 Inhibitor (Pembrolizumab), to Standard Chemotherapy (Nab-Paclitaxel) Treatment in Patients With Advanced Triple-Negative Breast Cancer",Anatomic Stage III Breast Cancer AJCC v8;Anatomic Stage IV Breast Cancer AJCC v8;Locally Advanced Triple-Negative Breast Carcinoma;Metastatic Triple-Negative Breast Carcinoma;Unresectable Triple-Negative Breast Carcinoma,multiple,advanced;metasta;stage iii;stage iv;unresectable,,
NCT07415031,A Solid Tumor Study for Long Term Treatment of Cancer Patients Who Participated in Adagrasib Studies,Solid Tumors,not_stated,,,
NCT04893109,ATEMPT 2.0: Adjuvant T-DM1 vs TH,Breast Cancer;HER2-positive Breast Cancer,early,adjuvant;stage i,,
NCT07206056,"An Open-label Dose Escalation and Expansion, Followed by a Phase II Study of Tulmimetostat (DZR123) and JSB462 (Luxdegalutamide) in Patients With Progressive Metastatic Castrate Resistant Prostate Cancer (mCRPC) (TulmiSTAR-01)",Progressive Metastatic Castrate Resistant Prostate Cancer,advanced,mcrpc;metasta,,
NCT06696768,"Clinical Trial of an Anti-cancer Drug, CA-4948 (Emavusertib), in Combination With Chemotherapy Treatment (FOLFOX Plus Bevacizumab) in Metastatic Colorectal Cancer",Metastatic Colorectal Adenocarcinoma;Stage III Colorectal Cancer AJCC v8;Stage IV Colorectal Cancer AJCC v8;Unresectable Colorectal Adenocarcinoma,multiple,metasta;stage iii;stage iv;unresectable,,
NCT07223047,"A Study to Evaluate the Safety, Tolerability, and Efficacy of BMS-986523 Alone and in Combination With Anti-Cancer Agents in Participants With Advanced Solid Malignancies",Advanced Solid Malignancies;Non-small Cell Lung Cancer (NSCLC);Colorectal Cancer (CRC);Pancreatic Ductal Adenocarcinoma (PDAC),advanced,advanced,,
NCT07631650,Bevonescein for Improved Intraoperative Nerve Visualization to Improve Voice Outcomes in Thyroidectomy Patients,Head and Neck Disorder;Head and Neck Cancer,not_stated,,,
NCT06805825,A Study of the c-Kit Specific Antibody-Drug Conjugate NN3201 for Advanced and/or Metastatic Solid Tumors Known to Express c-Kit,Gastrointestinal Stromal Tumors;Small-cell Lung Cancer;Adenoid Cystic Carcinoma;Uveal Melanoma;Neuroendocrine Tumors;Chromophobe Renal Cell Carcinoma;Clear Cell Renal Cell Carcinoma,advanced,advanced;metasta,,
NCT05508906,"Phase 1b Study of OP-1250 (Palazestrant) in Combination With Ribociclib, Alpelisib, Everolimus, or Atirmociclib in ER+, HER2- Breast Cancer",Metastatic Breast Cancer;ER-positive Breast Cancer;HER2-negative Breast Cancer;Breast Cancer;Locally Advanced Breast Cancer,advanced,advanced;metasta,,
NCT07544992,Locoregional Administration of Genetically Engineered Cells (EGFR/IL13Rα2 Pool-CAR T Cells) for the Treatment of Recurrent or Progressive High-Grade Gliomas,"Recurrent Astrocytoma, IDH-Mutant, Grade 4;Recurrent Glioblastoma, IDH-Wildtype",advanced,recurrent,,
NCT07751159,Radiation Therapy Approaches for People With Prostate Cancer,Prostate Cancer Patients;Non-metastatic Prostate Cancer;High Risk Prostate Cancer,multiple,metasta;non-metastatic,,
NCT01720836,Study of the Immune Response of MUC1 (Mucin1) Peptide Vaccine for Non-small Cell Lung Cancer,Non-small Cell Lung Cancer (NSCLC),multiple,adjuvant;advanced;localized,,
NCT02491099,A Phase II Evaluation of Afatinib in Patients With Persistent or Recurrent HER2-positive Uterine Serous Carcinoma,HER2/Neu+ Uterine Serous Carcinoma,advanced,recurrent,,
NCT05139056,Multiple Intracerebral Doses of Neural Stem Cell-Based Virotherapy (NSC-CRAd-S-pk7) for the Treatment of Recurrent High-Grade Gliomas,Currently Only Enrolling Glioblastoma Patients at First Recurrence,advanced,recurrent,,
NCT07436793,"Progestins for the Treatment of Endometrial Cancer or Precancers of the Uterus Before Surgery, The Pro-Window Trial",Endometrial Endometrioid Adenocarcinoma;Endometrial Hyperplasia,not_stated,,,
NCT07000084,"Testing the Addition of an Anti-Cancer Drug, Gemcitabine, to Usual Treatment (BCG Alone) in People Whose Non-Muscle Invasive Bladder Cancer (NMIBC) Came Back After Prior BCG Therapy",Recurrent Non-Muscle Invasive Bladder Carcinoma;Stage 0a Bladder Cancer AJCC v8;Stage I Bladder Cancer AJCC v8,multiple,recurrent;stage i,,
NCT05953961,90Y Transarterial Radioembolization Versus Microwave Ablation in Small Hepatocellular Carcinoma With Hypoalbuminemia,"Carcinoma, Hepatocellular",not_stated,,,
NCT07025226,"Medication Combinations of Dasatinib, Quercetin, Fisetin, Temozolomide, LMP744, and Autologous TLPO Vaccine for the Treatment of Previously Treated Glioma With Residual Disease",Glioma,not_stated,,,
NCT07635238,A Study of Lower Dose Radiation Therapy for People With Prostate Cancer,Prostate Cancer;Prostate Adenocarcinoma,not_stated,,,
NCT07190248,A Clinical Study of Calderasib (MK-1084) and Other Treatments for Participants With Non-Small Cell Lung Cancer (MK-1084-007/KANDLELIT-007),Non-small Cell Lung Cancer,advanced,advanced;first-line;metasta,,
NCT06638307,A First-in-Human Study of MEN2312 in Adults With Advanced Breast Cancer,Advanced Breast Cancer,advanced,advanced,,
NCT06080503,Phase II Randomized Study of Hypofractionated Versus Conventional Radiotherapy,Laryngeal Carcinoma,not_stated,,,
NCT04771130,A Study of BGB-11417 in Participants With Myeloid Malignancies,Acute Myeloid Leukemia;Myelodysplastic Syndromes;Myelodysplastic/Myeloproliferative Neoplasm,not_stated,,,
NCT06859762,A First-in-Human Study of YL217 in Patients With Advanced Solid Tumors,Advanced Solid Tumor,advanced,advanced,,
NCT05614739,FORAGER-1: A Study of Vepugratinib (LY3866288; LOXO-435) in Participants With Cancer With a Change in a Gene Called FGFR3,Urinary Bladder Neoplasms;Neoplasm Metastasis;Ureteral Neoplasms,advanced,advanced;metasta,,
NCT03886311,"Talimogene Laherparepvec, Nivolumab and Trabectedin for Sarcoma",Sarcoma,advanced,advanced,,
NCT05989828,A2-ESO-1 TCR-Engineered T Cells for Relapsed/Refractory Advanced or Metastatic NY-ESO-1 Overexpression Positive Triple Negative Breast Cancer,Triple Negative Breast Cancer,advanced,advanced;metasta;refractory;relapsed,,
NCT06479239,Study of EGFRBi Armed Fresh PBMC in Metastatic or Unresectable Pancreatic Cancer,Pancreas Cancer;Pancreatic Cancer,advanced,metasta;unresectable,,
NCT06330805,Effects of Relugolix vs Leuprolide on Cardiac Function in Patients With Prostate Cancer,Prostate Adenocarcinoma;Stage IIB Prostate Cancer AJCC v8;Stage IIC Prostate Cancer AJCC v8,early,stage iib;stage iic,,
NCT03858205,Low-Dose Radiotherapy in Treating Painful Bone Metastases in Patients With Multiple Myeloma,Bone Pain;Metastatic Malignant Neoplasm in the Bone;Plasma Cell Myeloma,advanced,metasta,,
NCT05541822,"To Evaluate the Efficacy, Safety, Tolerability and Pharmacokinetic Profile of ABN401 in Patients With Advanced Solid Tumors Harboring c-MET Dysregulation",Advanced Solid Tumors,advanced,advanced,,
NCT04900623,Risk-adapted Therapy in HPV+ Oropharyngeal Cancer Using Circulating Tumor (ct)HPV DNA Profile - The ReACT Study,HPV-Associated Oropharyngeal Squamous Cell Carcinoma;HPV Positive Oropharyngeal Squamous Cell Carcinoma;HPV-Mediated (P16-Positive) Oropharyngeal Carcinoma by AJCC V8 Stage;HPV-Related Squamous Cell Carcinoma;Clinical Stage III HPV-Mediated (p16-Positive) Oropharyngeal Carcinoma AJCC v8;Pathologic Stage III HPV-Mediated (p16-Positive) Oropharyngeal Carcinoma AJCC v8;Clinical Stage II HPV-Mediated (p16-Positive) Oropharyngeal Carcinoma AJCC v8;Pathologic Stage II HPV-Mediated (p16-Positive) Oropharyngeal Carcinoma AJCC v8;Clinical Stage I HPV-Mediated (p16-Positive) Oropharyngeal Carcinoma AJCC v8;Pathologic Stage I HPV-Mediated (p16-Positive) Oropharyngeal Carcinoma AJCC v8;HPV-Mediated (P16-Positive) Oropharyngeal Carcinoma by AJCC V8 Clinical Stage;HPV-Mediated (P16-Positive) Oropharyngeal Carcinoma by AJCC V8 Pathologic Stage,early,stage i;stage ii;stage iii,,
NCT05271240,Repeated Superselective Intraarterial Cerebral Infusion (SIACI) of Bevacizumab With Temozolomide and Radiation Compared to Temozolomide and Radiation Alone in Newly Diagnosed GBM,"Glioblastoma;Glioblastoma Multiforme;Glioma, Malignant;GBM;Brain Cancer;Glioblastoma, IDH-wildtype;Glioblastoma Multiforme, Adult",newdx,newly diagnosed,,
NCT06525766,"Adaptive Therapy With Capecitabine for Treatment of Metastatic ER Positive, HER2 Negative Breast Cancer",Anatomic Stage IV Breast Cancer AJCC v8;Estrogen-receptor-positive Breast Cancer;Metastatic HER2-Negative Breast Carcinoma;Metastatic Breast Cancer,advanced,metasta;refractory;stage iv,,
NCT07155187,"A Study to Assess Adverse Events and Change in Disease Activity of Intravenous (IV) Telisotuzumab Adizutecan, Monotherapy or in Combination With Osimertinib, Compared to Standard of Care in Adult Participants With Locally Advanced or Metastatic EGFR-Mutated Non-Squamous Non-Small Cell Lung Cancer",Non-Small Cell Lung Cancer,advanced,advanced;metasta,,
NCT06501196,A Study of BH-30236 in Relapsed/ Refractory Acute Myelogenous Leukemia and Higher Risk Myelodysplastic Syndrome,"Leukemia;Leukemia, Myeloid;Leukemia, Myeloid, Acute;Preleukemia;Myelodysplastic Syndromes;Refractory Acute Myeloid Leukemia",advanced,refractory;relapsed,,
