cd_geoid,veh,bb,unins,unins55,pov,acs_cov,inc,inc_cov,cases,ctx_src
0101,4.3,85.8,9.8,9.2,14.4,100.0,435.8,100.0,4244.0,tract
0102,7.4,82.3,10.9,10.7,20.0,100.0,447.6,100.0,3945.0,tract
0103,5.2,85.2,9.6,10.6,16.6,100.0,443.2,100.0,4058.0,tract
0104,4.6,83.5,10.1,9.2,15.8,100.0,418.3,100.0,3986.0,tract
0105,3.9,88.2,8.6,7.6,11.5,100.0,421.0,100.0,3771.0,tract
0106,3.3,91.1,7.0,6.5,9.8,100.0,427.2,100.0,3695.0,tract
0107,9.0,83.4,9.8,10.2,21.7,100.0,430.2,100.0,3709.0,tract
0200,9.2,90.6,11.2,10.7,10.2,99.6,435.9,98.4,3244.0,tract
0401,4.7,93.5,7.9,7.5,8.9,100.0,395.4,100.0,4699.0,tract
0402,5.6,83.7,12.5,13.1,17.0,99.8,375.3,100.0,4386.0,tract
0403,8.6,84.9,20.3,19.6,19.8,99.6,395.4,100.0,2342.0,tract
0404,5.7,93.1,10.5,8.9,12.3,100.0,395.4,100.0,3417.0,tract
0405,2.7,95.1,6.6,6.3,5.9,100.0,391.2,100.0,3641.0,tract
0406,5.5,91.6,6.4,6.8,10.4,100.0,396.3,100.0,4963.0,tract
0407,7.8,87.3,13.7,13.4,19.2,99.5,392.7,100.0,3399.0,tract
0408,5.3,91.9,8.1,7.7,10.5,100.0,395.4,100.0,4649.0,tract
0409,3.5,90.8,9.4,9.6,11.0,99.8,401.6,100.0,4478.0,tract
0501,7.3,82.0,8.2,7.8,18.7,100.0,490.7,100.0,4931.0,tract
0502,5.9,87.9,8.1,6.2,14.3,100.0,489.2,100.0,4498.0,tract
0503,4.1,89.2,10.8,8.2,12.5,100.0,442.5,100.0,3642.0,tract
0504,6.3,79.5,8.8,7.8,18.7,100.0,477.4,100.0,4889.0,tract
0601,6.0,89.2,6.6,6.8,15.4,100.0,444.5,100.0,4359.0,tract
0602,5.2,92.5,5.2,4.7,10.9,100.0,441.3,100.0,5062.0,tract
0603,4.1,92.3,4.3,4.3,7.9,100.0,422.9,100.0,4678.0,tract
0604,5.3,92.3,5.2,4.5,11.4,99.1,436.4,100.0,4172.0,tract
0605,4.3,91.4,4.4,5.2,10.1,99.9,423.9,100.0,4553.0,tract
0606,6.0,93.5,5.7,4.1,13.3,100.0,410.1,100.0,3446.0,tract
0607,7.4,92.8,4.9,4.1,12.9,100.0,411.2,100.0,3422.0,tract
0608,6.3,93.1,6.6,6.0,10.9,100.0,417.8,100.0,3641.0,tract
0609,5.3,91.3,6.5,6.0,12.7,99.8,401.1,100.0,3196.0,tract
0610,4.0,96.5,3.1,2.6,6.3,100.0,419.4,100.0,3917.0,tract
0611,31.6,92.1,3.2,3.1,10.7,99.9,400.0,100.0,3574.0,tract
0612,14.6,91.5,4.8,5.4,12.6,100.0,383.1,100.0,3229.0,tract
0613,6.3,88.4,8.6,10.6,18.4,100.0,403.9,100.0,2814.0,tract
0614,5.2,95.2,3.7,4.0,6.8,100.0,383.1,100.0,3429.0,tract
0615,7.0,94.9,4.3,3.6,7.1,100.0,412.2,100.0,3796.0,tract
0616,5.7,94.7,3.4,3.4,6.1,100.0,399.4,100.0,3785.0,tract
0617,5.5,96.2,3.3,3.7,6.3,100.0,393.8,100.0,3039.0,tract
0618,5.6,93.0,8.6,7.9,11.4,99.1,402.6,100.0,2874.0,tract
0619,4.3,94.7,4.8,4.3,8.4,100.0,421.9,100.0,4280.0,tract
0620,4.5,91.9,5.1,5.6,11.8,99.7,394.6,100.0,3384.0,tract
0621,7.9,84.8,8.0,8.7,22.5,100.0,392.4,100.0,2595.0,tract
0622,7.4,86.9,9.9,11.1,22.4,98.2,390.6,100.0,2401.0,tract
0623,5.1,91.3,7.8,8.6,16.1,99.8,398.0,100.0,3300.0,tract
0624,5.5,92.2,7.6,6.8,13.3,99.7,458.7,100.0,4316.0,tract
0625,5.6,89.5,8.2,9.7,16.3,99.6,391.4,100.0,3472.0,tract
0626,4.0,93.3,8.0,6.3,8.7,100.0,441.1,100.0,4079.0,tract
0627,4.3,93.2,5.5,5.5,11.0,99.5,381.3,100.0,3063.0,tract
0628,6.0,93.3,4.8,4.5,9.8,100.0,383.1,100.0,4040.0,tract
0629,8.2,91.8,10.8,10.0,16.6,100.0,381.3,100.0,2826.0,tract
0630,11.6,92.5,6.9,7.2,13.0,100.0,381.3,100.0,3437.0,tract
0631,5.5,90.6,8.3,8.8,11.4,100.0,381.3,100.0,3384.0,tract
0632,5.5,95.1,6.0,6.3,10.3,100.0,381.4,100.0,3746.0,tract
0633,4.8,90.9,9.0,8.2,13.6,99.3,398.3,100.0,2643.0,tract
0634,19.8,86.8,14.9,15.4,20.8,100.0,381.3,100.0,2881.0,tract
0635,4.6,93.3,9.5,10.4,12.0,99.5,394.7,100.0,2715.0,tract
0636,7.0,94.4,3.8,5.2,8.4,100.0,381.3,100.0,3535.0,tract
0637,14.6,88.6,11.3,11.8,20.6,100.0,381.3,100.0,2766.0,tract
0638,5.0,92.4,7.5,7.2,9.6,100.0,383.8,100.0,3553.0,tract
0639,4.2,93.4,10.7,11.6,12.3,100.0,398.5,100.0,2605.0,tract
0640,3.4,96.2,4.5,4.4,6.8,100.0,412.9,100.0,4096.0,tract
0641,4.0,92.8,6.2,6.9,9.1,100.0,398.5,100.0,4323.0,tract
0642,8.2,91.2,11.1,11.1,15.4,99.9,381.3,100.0,2901.0,tract
0643,9.2,90.0,11.1,10.8,16.5,100.0,381.3,100.0,2784.0,tract
0644,7.3,90.9,10.6,10.5,13.6,100.0,381.3,100.0,3079.0,tract
0645,5.2,93.9,6.8,5.7,10.2,100.0,410.3,100.0,3851.0,tract
0646,6.2,91.2,11.5,11.7,12.5,100.0,414.3,100.0,2911.0,tract
0647,4.5,95.3,5.1,4.4,9.2,100.0,414.3,100.0,3778.0,tract
0648,3.8,94.6,6.1,5.6,8.5,100.0,421.0,100.0,4013.0,tract
0649,3.5,95.3,6.4,5.7,7.4,100.0,424.2,100.0,3945.0,tract
0650,6.2,95.4,5.4,5.7,9.6,100.0,429.9,100.0,3560.0,tract
0651,5.0,95.0,5.1,5.9,11.0,100.0,429.9,100.0,3530.0,tract
0652,7.2,91.5,9.6,9.3,12.6,99.6,429.9,100.0,3288.0,tract
0801,10.3,92.2,8.8,8.6,11.2,100.0,400.3,100.0,2776.0,tract
0802,4.2,94.0,5.8,5.6,11.1,100.0,395.5,100.0,3252.0,tract
0803,5.2,88.1,9.5,9.8,12.8,99.8,388.1,99.7,3912.0,tract
0804,3.1,94.3,5.5,5.3,6.2,100.0,397.6,100.0,3274.0,tract
0805,3.7,94.5,7.1,6.2,8.6,100.0,389.6,100.0,2912.0,tract
0806,5.6,94.1,9.6,6.7,8.8,100.0,399.0,100.0,3087.0,tract
0807,3.9,93.2,5.7,5.5,7.3,99.5,395.3,100.0,3698.0,tract
0808,4.1,92.1,9.6,7.8,9.1,100.0,409.2,100.0,2856.0,tract
0901,10.5,90.3,4.4,3.7,10.6,100.0,478.3,100.0,4456.0,tract
0902,5.5,91.9,3.8,3.4,8.4,99.9,484.8,100.0,4861.0,tract
0903,9.9,91.3,5.1,3.8,10.5,100.0,480.2,100.0,4538.0,tract
0904,8.3,93.0,7.4,6.6,9.8,100.0,465.2,100.0,4076.0,tract
0905,8.7,89.3,5.7,4.9,10.9,100.0,475.0,100.0,4586.0,tract
1000,6.0,91.4,6.2,5.5,10.7,100.0,471.1,100.0,6418.0,tract
1198,35.9,90.2,3.4,4.1,14.5,99.9,420.9,100.0,2843.0,tract
1201,5.1,91.3,11.6,11.7,11.3,100.0,477.9,100.0,4618.0,tract
1202,5.6,87.6,10.8,11.5,16.5,99.9,450.4,100.0,4379.0,tract
1203,6.5,87.0,10.8,12.6,17.2,100.0,501.8,100.0,5361.0,tract
1204,6.6,89.5,10.4,10.0,14.7,100.0,511.7,100.0,4776.0,tract
1205,4.8,93.4,9.2,10.4,9.7,100.0,506.9,100.0,4768.0,tract
1206,5.5,88.7,12.4,13.1,14.0,100.0,515.2,100.0,7022.0,tract
1207,3.7,92.7,9.8,9.2,9.4,100.0,487.7,100.0,5098.0,tract
1208,4.5,91.3,10.0,10.6,10.3,100.0,518.9,100.0,6859.0,tract
1209,4.0,93.1,11.2,10.8,11.8,100.0,440.1,100.0,3616.0,tract
1210,6.7,91.8,13.5,13.2,15.6,100.0,423.5,100.0,3224.0,tract
1211,3.5,92.4,9.3,8.9,9.3,99.8,466.4,100.0,5712.0,tract
1212,4.9,89.6,11.6,13.1,12.5,100.0,529.2,100.0,6807.0,tract
1213,6.5,89.3,10.6,11.2,11.1,100.0,497.6,100.0,6697.0,tract
1214,7.0,92.3,11.5,12.0,13.2,100.0,499.6,100.0,4563.0,tract
1215,5.9,91.1,11.9,10.9,14.3,100.0,504.6,100.0,4777.0,tract
1216,3.8,92.8,10.5,10.5,10.1,100.0,473.0,100.0,5461.0,tract
1217,4.4,91.1,11.3,13.5,9.8,100.0,472.6,100.0,7517.0,tract
1218,5.6,86.0,14.4,14.2,16.3,100.0,488.8,100.0,5463.0,tract
1219,4.8,91.8,10.6,9.4,10.6,100.0,440.3,100.0,6575.0,tract
1220,9.2,88.2,16.0,14.5,16.4,100.0,432.3,100.0,4162.0,tract
1221,4.4,92.0,10.7,11.1,10.1,100.0,460.8,100.0,6108.0,tract
1222,5.5,89.6,14.6,14.4,11.2,100.0,438.2,100.0,5478.0,tract
1223,6.5,91.7,11.5,11.0,10.1,100.0,432.4,100.0,4959.0,tract
1224,12.3,83.4,17.3,20.0,16.6,100.0,427.7,100.0,4026.0,tract
1225,5.5,91.9,11.9,11.5,10.8,100.0,429.8,100.0,4030.0,tract
1226,7.6,87.6,14.6,16.2,14.3,100.0,427.7,100.0,4582.0,tract
1227,10.7,87.3,11.8,13.4,13.1,100.0,427.5,100.0,4336.0,tract
1228,5.1,91.9,13.5,13.6,13.7,100.0,423.0,100.0,3954.0,tract
1301,6.3,87.7,12.8,13.5,14.9,100.0,475.2,100.0,4258.0,tract
1302,9.9,81.5,13.8,14.2,22.0,100.0,476.6,100.0,4374.0,tract
1303,5.1,88.8,10.4,9.9,12.5,100.0,480.4,100.0,4549.0,tract
1304,6.6,91.1,17.5,14.7,14.7,99.9,448.4,100.0,3432.0,tract
1305,12.3,89.8,13.3,14.3,17.5,99.8,458.8,100.0,3191.0,tract
1306,5.8,94.3,11.8,11.9,11.0,100.0,468.8,100.0,3522.0,tract
1307,3.6,95.9,8.4,8.7,6.1,100.0,485.0,100.0,4314.0,tract
1308,6.4,82.3,13.9,14.2,18.2,100.0,476.0,100.0,4311.0,tract
1309,3.9,91.6,13.4,14.7,10.9,100.0,483.9,100.0,4455.0,tract
1310,4.3,89.4,11.7,11.5,13.9,100.0,485.2,100.0,4284.0,tract
1311,3.4,92.9,12.2,11.2,8.9,100.0,491.7,100.0,4333.0,tract
1312,6.8,83.5,12.0,13.3,17.5,100.0,459.8,100.0,4123.0,tract
1313,3.4,92.8,13.3,10.5,10.9,100.0,462.3,100.0,3765.0,tract
1314,4.3,89.7,12.1,10.5,10.9,100.0,471.6,100.0,4229.0,tract
1501,11.5,90.8,3.4,3.6,8.9,100.0,404.0,100.0,3918.0,tract
1502,4.8,91.3,4.0,4.2,11.0,100.0,409.2,100.0,3930.0,tract
1601,3.5,91.3,9.5,11.3,9.8,100.0,455.2,100.0,5352.0,tract
1602,3.9,90.8,9.0,9.4,11.5,100.0,435.6,100.0,4407.0,tract
1701,18.1,87.4,6.5,6.8,15.2,100.0,449.3,100.0,4263.0,tract
1702,13.4,87.8,7.7,8.4,18.1,100.0,460.2,100.0,4319.0,tract
1703,12.1,89.6,12.4,13.0,11.5,100.0,440.9,100.0,3379.0,tract
1704,12.6,86.5,12.7,12.3,13.1,100.0,436.4,100.0,3353.0,tract
1705,19.9,92.2,5.1,6.0,7.3,100.0,437.6,100.0,3783.0,tract
1706,5.0,92.1,5.6,5.5,7.3,100.0,442.8,100.0,4562.0,tract
1707,29.7,87.5,8.2,9.3,18.3,100.0,435.0,100.0,3264.0,tract
1708,4.8,93.9,8.1,7.7,7.4,100.0,446.2,100.0,3981.0,tract
1709,17.1,91.5,7.3,7.4,10.7,100.0,444.6,100.0,4317.0,tract
1710,4.9,93.4,7.2,7.1,8.3,100.0,470.9,100.0,4234.0,tract
1711,4.0,93.9,5.3,4.5,6.9,100.0,468.2,100.0,4120.0,tract
1712,6.4,85.2,5.8,5.8,13.0,100.0,486.2,100.0,5027.0,tract
1713,9.5,87.2,5.1,5.1,16.9,100.0,513.6,100.0,4674.0,tract
1714,4.4,92.3,6.1,6.0,9.2,100.0,489.2,100.0,3787.0,tract
1715,5.5,86.2,4.8,5.1,10.7,100.0,516.9,100.0,5545.0,tract
1716,4.7,88.9,4.5,4.5,8.8,100.0,480.8,100.0,4982.0,tract
1717,9.3,85.4,6.1,6.0,17.5,100.0,468.6,100.0,4479.0,tract
1801,6.6,88.8,6.3,6.6,13.4,100.0,453.2,100.0,4350.0,tract
1802,6.7,87.2,10.0,9.2,12.9,100.0,423.4,100.0,3909.0,tract
1803,7.3,86.8,10.7,7.8,11.1,100.0,433.9,100.0,3926.0,tract
1804,4.8,89.5,5.8,5.5,10.3,100.0,473.8,100.0,4155.0,tract
1805,4.7,91.5,5.9,6.3,10.2,99.9,469.5,100.0,4245.0,tract
1806,5.1,90.5,6.5,6.8,10.7,100.0,488.8,100.0,4410.0,tract
1807,8.7,88.3,9.5,7.6,16.2,100.0,476.0,100.0,3644.0,tract
1808,6.2,86.0,7.2,5.9,13.2,100.0,471.8,100.0,4652.0,tract
1809,5.7,86.3,6.2,6.1,11.8,100.0,441.3,100.0,4193.0,tract
1901,5.5,88.1,4.7,4.9,11.9,99.9,503.4,100.0,5074.0,tract
1902,5.3,88.1,4.2,4.1,10.4,100.0,505.9,100.0,5322.0,tract
1903,5.6,88.7,5.3,4.8,10.3,100.0,496.3,100.0,4546.0,tract
1904,5.3,85.2,5.2,4.6,11.4,100.0,492.9,100.0,5106.0,tract
2001,5.1,87.7,9.0,9.0,12.9,100.0,,0.0,,tract
2002,6.3,86.6,10.3,9.3,13.8,100.0,,0.0,,tract
2003,3.6,93.9,6.1,5.9,6.4,100.0,,0.0,,tract
2004,5.4,89.1,10.1,11.2,13.1,100.0,,0.0,,tract
2101,6.1,84.3,7.1,6.6,17.1,100.0,509.8,100.0,5034.0,tract
2102,5.8,88.0,5.8,4.6,14.7,100.0,518.2,100.0,4789.0,tract
2103,9.1,89.8,5.7,4.9,15.0,100.0,518.0,100.0,4695.0,tract
2104,5.1,89.0,5.0,4.5,10.8,100.0,523.9,100.0,4766.0,tract
2105,8.1,82.7,5.7,6.1,24.7,100.0,533.5,100.0,5306.0,tract
2106,6.0,88.9,6.1,5.5,14.8,100.0,516.1,100.0,4469.0,tract
2201,5.0,90.3,7.6,7.3,12.8,100.0,487.4,100.0,4832.0,tract
2202,12.6,84.0,9.5,8.2,20.4,100.0,469.8,100.0,4293.0,tract
2203,7.7,86.7,7.5,7.5,18.3,100.0,504.3,100.0,4594.0,tract
2204,6.8,81.0,7.7,8.4,18.6,100.0,490.8,100.0,4689.0,tract
2205,6.8,84.0,7.5,8.1,19.7,100.0,494.3,100.0,4444.0,tract
2206,10.9,82.7,8.8,8.3,23.7,100.0,494.2,100.0,4406.0,tract
2301,6.1,90.9,5.4,5.9,8.1,100.0,469.0,100.0,4725.0,tract
2302,7.3,86.8,7.9,9.0,13.5,100.0,496.1,100.0,5082.0,tract
2401,5.1,89.9,4.6,4.2,9.5,100.0,490.5,100.0,5200.0,tract
2402,6.8,91.6,4.3,3.6,8.5,100.0,485.3,100.0,4824.0,tract
2403,4.2,95.2,4.4,4.1,5.4,100.0,451.7,100.0,4171.0,tract
2404,10.8,92.2,13.0,10.1,11.8,100.0,396.1,100.0,3256.0,tract
2405,3.2,94.1,4.2,3.7,5.5,99.7,446.7,100.0,4117.0,tract
2406,6.3,91.2,6.2,5.2,9.1,99.7,444.0,100.0,4142.0,tract
2407,23.2,83.6,6.4,5.6,18.7,99.9,483.7,100.0,4275.0,tract
2408,8.9,95.0,6.3,5.5,6.7,100.0,398.8,100.0,3926.0,tract
2501,10.2,88.5,2.7,2.1,13.2,100.0,439.6,100.0,4713.0,tract
2502,8.6,92.0,2.4,2.0,10.8,100.0,445.6,100.0,4265.0,tract
2503,8.5,91.6,3.0,2.4,9.8,100.0,425.8,100.0,4001.0,tract
2504,8.6,92.3,2.3,1.8,8.1,100.0,436.8,100.0,4336.0,tract
2505,11.1,93.8,2.6,2.3,7.8,100.0,411.8,100.0,3865.0,tract
2506,7.4,93.2,2.1,2.3,7.0,100.0,425.9,100.0,4635.0,tract
2507,31.1,90.6,3.5,3.7,16.9,99.9,405.5,100.0,2865.0,tract
2508,14.5,92.7,2.3,2.6,8.7,100.0,441.4,100.0,4272.0,tract
2509,6.2,92.0,2.8,2.7,8.0,100.0,449.3,100.0,5528.0,tract
2601,6.3,86.2,5.5,5.8,12.6,99.9,430.9,100.0,5402.0,tract
2602,5.2,84.6,6.3,5.6,12.9,99.6,438.4,100.0,4606.0,tract
2603,7.0,90.3,4.8,4.1,11.8,100.0,403.7,100.0,3485.0,tract
2604,6.2,89.8,5.1,5.3,12.1,100.0,417.0,100.0,3866.0,tract
2605,5.9,87.4,5.8,5.7,12.0,99.6,432.6,100.0,4651.0,tract
2606,5.9,93.7,3.1,2.6,9.9,99.8,456.0,100.0,4304.0,tract
2607,5.6,90.3,4.0,4.3,10.4,100.0,445.0,100.0,4273.0,tract
2608,7.4,87.8,4.5,5.1,15.7,100.0,449.4,100.0,4716.0,tract
2609,4.5,90.6,4.3,4.0,8.7,99.9,468.6,100.0,4966.0,tract
2610,6.4,92.2,5.0,5.2,10.0,100.0,488.2,100.0,4967.0,tract
2611,5.7,93.3,4.5,4.0,8.7,100.0,466.8,100.0,4686.0,tract
2612,10.3,89.4,5.3,4.6,19.7,100.0,474.8,100.0,4429.0,tract
2613,16.1,84.3,7.1,6.5,25.1,100.0,476.2,100.0,4225.0,tract
2701,6.3,88.6,5.1,5.0,10.1,100.0,488.3,100.0,4452.0,tract
2702,4.1,93.8,3.8,3.3,5.2,100.0,490.7,100.0,3951.0,tract
2703,5.0,93.6,3.6,3.9,6.5,100.0,465.4,100.0,4249.0,tract
2704,8.7,92.2,4.8,4.3,10.8,99.9,489.9,100.0,3965.0,tract
2705,12.3,90.9,5.7,5.4,13.5,100.0,464.8,100.0,3224.0,tract
2706,3.7,93.0,3.7,4.3,6.4,100.0,485.1,100.0,3744.0,tract
2707,5.6,86.3,5.1,4.9,10.2,100.0,500.8,100.0,5046.0,tract
2708,5.8,88.0,5.0,6.1,11.0,100.0,506.5,100.0,5207.0,tract
2801,5.3,83.3,10.3,9.3,15.2,100.0,477.6,100.0,4271.0,tract
2802,8.9,77.2,12.9,12.6,25.8,100.0,477.1,100.0,4428.0,tract
2803,5.3,82.5,10.6,9.2,18.3,100.0,458.3,100.0,4101.0,tract
2804,5.2,84.5,12.7,12.0,17.2,100.0,484.6,100.0,4393.0,tract
2901,12.6,88.6,8.8,8.7,16.5,100.0,455.4,100.0,4103.0,tract
2902,4.5,93.2,4.3,4.9,5.7,100.0,478.2,100.0,5008.0,tract
2903,4.4,90.0,6.5,6.5,9.7,100.0,467.8,100.0,4495.0,tract
2904,5.4,85.9,10.3,10.0,13.3,100.0,462.9,100.0,4556.0,tract
2905,7.8,89.4,11.5,12.1,14.0,100.0,457.9,100.0,4084.0,tract
2906,5.2,85.9,9.0,8.6,11.8,100.0,464.4,100.0,4540.0,tract
2907,5.6,86.2,12.3,12.1,14.6,100.0,460.2,100.0,4486.0,tract
2908,6.2,85.5,10.7,11.1,15.5,100.0,492.2,100.0,5051.0,tract
3001,4.1,89.2,8.9,10.5,12.0,100.0,452.6,100.0,3278.0,tract
3002,5.0,87.2,8.0,8.5,12.1,100.0,456.5,100.0,3349.0,tract
3101,4.6,91.2,6.3,5.7,9.5,99.9,432.1,100.0,3158.0,tract
3102,6.4,91.8,8.0,8.2,10.5,100.0,487.7,100.0,3339.0,tract
3103,4.7,85.9,8.0,7.5,11.0,100.0,440.1,99.9,3901.0,tract
3201,10.3,88.3,13.3,11.9,14.5,100.0,368.9,100.0,3322.0,tract
3202,5.7,90.3,9.3,9.4,10.5,100.0,428.1,100.0,4298.0,tract
3203,5.4,92.6,10.2,9.2,11.5,100.0,368.9,100.0,3474.0,tract
3204,7.2,89.6,12.5,11.8,13.8,100.0,371.9,100.0,3319.0,tract
3301,4.1,92.5,5.6,4.5,7.0,100.0,473.7,100.0,4457.0,tract
3302,5.0,91.1,5.5,5.6,7.3,100.0,472.9,100.0,4615.0,tract
3401,9.1,91.3,5.8,5.0,10.9,100.0,519.5,100.0,4927.0,tract
3402,8.5,90.7,6.6,5.8,11.5,99.7,508.8,100.0,5667.0,tract
3403,5.0,93.9,4.4,3.6,6.1,100.0,507.2,100.0,5177.0,tract
3404,6.0,88.6,4.2,4.3,9.4,100.0,529.9,100.0,5863.0,tract
3405,6.2,94.9,4.7,5.2,5.6,100.0,470.8,100.0,5009.0,tract
3406,9.1,92.0,8.3,7.3,9.7,100.0,475.2,100.0,4211.0,tract
3407,4.1,94.5,3.8,3.0,4.7,100.0,475.4,100.0,4942.0,tract
3408,32.4,89.2,15.9,15.3,15.2,100.0,399.8,100.0,2945.0,tract
3409,13.9,90.9,11.9,12.6,13.1,100.0,453.4,100.0,3957.0,tract
3410,25.1,87.8,11.1,10.3,16.9,99.7,431.8,100.0,3683.0,tract
3411,5.9,94.6,4.7,4.7,5.1,100.0,462.1,100.0,4613.0,tract
3412,8.8,93.0,8.0,6.4,9.4,99.9,459.1,100.0,4329.0,tract
3501,6.6,88.4,7.4,8.2,14.1,100.0,392.8,100.0,3818.0,tract
3502,5.2,84.6,10.4,12.1,20.4,100.0,383.2,100.0,3176.0,tract
3503,5.2,79.1,10.7,11.5,19.8,100.0,342.8,100.0,3085.0,tract
3601,4.4,93.3,3.7,3.1,5.9,99.9,516.6,100.0,5867.0,tract
3602,5.2,93.2,4.6,4.3,6.2,100.0,514.5,100.0,4556.0,tract
3603,7.6,93.7,4.0,3.7,6.0,100.0,473.3,100.0,5352.0,tract
3604,7.6,93.1,4.3,3.7,5.8,100.0,499.8,100.0,4876.0,tract
3605,28.5,90.9,7.4,6.9,12.2,99.9,399.8,100.0,4028.0,tract
3606,40.0,89.6,9.0,9.5,13.1,100.0,399.8,100.0,3932.0,tract
3607,59.6,88.6,7.4,8.3,18.1,100.0,407.4,100.0,2669.0,tract
3608,53.4,87.6,5.3,5.6,20.9,100.0,413.7,100.0,4017.0,tract
3609,55.0,86.9,6.0,6.7,17.5,100.0,413.7,100.0,3702.0,tract
3610,69.4,90.4,4.7,5.1,15.6,99.9,420.4,100.0,3219.0,tract
3611,25.3,89.8,4.9,4.7,12.7,100.0,475.9,100.0,4588.0,tract
3612,76.4,94.0,2.7,3.6,9.3,100.0,427.1,100.0,4314.0,tract
3613,76.3,87.0,7.4,6.6,24.9,99.6,424.4,100.0,3674.0,tract
3614,51.0,88.1,9.4,8.1,19.4,99.7,408.4,100.0,3231.0,tract
3615,63.8,84.5,7.1,6.6,29.0,100.0,415.4,100.0,3362.0,tract
3616,19.7,90.6,5.7,5.7,10.8,100.0,453.9,100.0,4457.0,tract
3617,7.3,92.1,3.9,2.8,10.1,99.9,466.6,100.0,4622.0,tract
3618,8.2,90.3,4.9,4.4,11.9,99.9,467.7,100.0,4564.0,tract
3619,9.2,88.4,4.1,3.8,14.2,99.9,486.8,100.0,5314.0,tract
3620,10.9,89.6,3.0,3.2,11.8,100.0,508.5,100.0,5065.0,tract
3621,8.8,87.0,4.5,3.5,12.7,99.9,490.1,100.0,5302.0,tract
3622,11.2,89.0,3.4,3.1,14.1,100.0,502.2,100.0,5083.0,tract
3623,8.0,87.4,3.8,2.9,12.2,99.8,511.5,100.0,5829.0,tract
3624,7.7,88.0,5.2,3.9,12.5,99.7,529.2,100.0,5753.0,tract
3625,10.7,89.4,3.1,3.4,12.8,100.0,512.2,100.0,5165.0,tract
3626,14.6,88.4,2.9,2.7,17.1,100.0,525.5,100.0,5107.0,tract
3701,7.9,81.7,11.0,11.4,18.1,100.0,463.9,100.0,4820.0,tract
3702,4.9,94.1,9.5,9.9,9.7,100.0,463.0,100.0,3483.0,tract
3703,5.8,87.3,10.6,10.3,15.0,100.0,488.3,100.0,4385.0,tract
3704,5.0,94.0,7.9,7.9,9.3,100.0,458.7,100.0,3617.0,tract
3705,6.0,85.8,10.0,10.2,16.4,100.0,479.3,100.0,4730.0,tract
3706,5.3,89.3,10.1,9.7,13.6,100.0,486.2,100.0,4533.0,tract
3707,5.1,89.1,10.2,9.9,14.2,100.0,490.7,100.0,5125.0,tract
3708,4.8,89.0,8.8,8.8,12.6,99.9,491.9,100.0,4460.0,tract
3709,4.3,88.5,10.4,9.8,14.1,100.0,492.6,100.0,4578.0,tract
3710,5.5,89.3,10.5,10.3,12.5,100.0,477.7,100.0,4519.0,tract
3711,5.0,84.6,12.4,13.0,12.9,100.0,473.9,100.0,5541.0,tract
3712,6.7,92.1,14.2,13.2,12.9,100.0,464.4,100.0,3030.0,tract
3713,3.6,86.8,10.1,10.8,11.4,99.9,487.0,100.0,4408.0,tract
3714,4.7,88.1,9.5,9.9,11.9,100.0,493.4,100.0,4662.0,tract
3800,5.6,87.5,6.7,6.2,10.6,100.0,454.0,99.6,4068.0,tract
3901,9.9,91.2,5.4,5.1,13.4,99.9,474.3,100.0,4255.0,tract
3902,5.8,85.9,6.3,6.6,15.0,99.8,502.1,100.0,5218.0,tract
3903,8.0,92.9,8.4,8.7,16.0,100.0,457.7,100.0,3621.0,tract
3904,5.4,89.6,6.0,7.2,10.4,100.0,470.7,100.0,4697.0,tract
3905,5.0,87.5,5.1,4.8,11.6,100.0,475.0,100.0,4936.0,tract
3906,7.4,84.8,6.1,7.3,15.1,100.0,472.0,100.0,5385.0,tract
3907,5.7,90.2,6.1,4.3,7.2,100.0,475.3,100.0,5304.0,tract
3908,5.1,90.6,5.9,4.8,11.2,100.0,467.7,100.0,4596.0,tract
3909,6.9,88.1,5.4,5.5,14.5,100.0,473.5,100.0,4904.0,tract
3910,8.1,89.8,6.4,6.3,14.2,100.0,472.5,100.0,4772.0,tract
3911,16.2,84.9,6.3,6.0,21.8,100.0,476.8,100.0,4659.0,tract
3912,7.1,87.5,8.7,7.9,11.8,100.0,487.0,100.0,4823.0,tract
3913,7.3,89.2,5.5,6.0,12.6,100.0,468.1,100.0,4971.0,tract
3914,6.9,87.6,6.5,6.2,12.0,100.0,461.1,100.0,5149.0,tract
3915,5.5,92.6,7.5,7.3,12.0,100.0,467.2,100.0,4066.0,tract
4001,5.7,90.5,13.3,11.5,13.8,100.0,469.7,100.0,4171.0,tract
4002,5.6,80.5,16.1,16.1,18.2,100.0,472.3,100.0,5019.0,tract
4003,5.9,85.8,14.9,15.3,17.9,100.0,451.3,100.0,4047.0,tract
4004,5.1,88.4,11.6,12.3,14.3,100.0,443.4,100.0,4027.0,tract
4005,5.2,90.8,11.3,10.4,12.5,100.0,450.1,100.0,4112.0,tract
4101,9.7,93.9,5.6,5.6,9.4,100.0,439.3,100.0,3551.0,tract
4102,5.2,87.5,7.0,8.5,13.8,100.0,421.4,100.0,4466.0,tract
4103,9.3,92.9,6.3,6.0,12.0,100.0,454.9,100.0,3564.0,tract
4104,7.1,90.8,6.0,7.9,15.7,100.0,344.4,100.0,3509.0,tract
4105,4.9,92.4,6.0,5.4,9.3,100.0,434.0,100.0,4168.0,tract
4106,6.3,92.0,6.5,5.4,11.2,100.0,437.0,100.0,3559.0,tract
4201,4.4,94.1,4.0,3.8,5.9,100.0,458.7,100.0,4964.0,tract
4202,23.0,87.6,8.5,7.5,22.9,100.0,435.3,100.0,3659.0,tract
4203,32.2,87.9,5.8,5.6,21.1,100.0,435.3,100.0,3566.0,tract
4204,4.9,93.0,3.7,3.9,6.3,99.6,441.9,100.0,4645.0,tract
4205,11.4,91.3,5.1,4.7,11.3,100.0,428.4,100.0,3947.0,tract
4206,6.7,92.2,5.4,4.6,8.9,100.0,436.3,100.0,4103.0,tract
4207,7.3,88.8,5.3,5.3,10.6,100.0,502.0,100.0,5156.0,tract
4208,8.8,87.8,6.0,5.4,14.0,100.0,485.9,100.0,5234.0,tract
4209,7.4,85.5,6.1,5.4,11.6,100.0,491.3,100.0,5473.0,tract
4210,7.1,90.1,5.5,4.9,9.9,99.9,451.2,100.0,4479.0,tract
4211,7.5,87.6,9.2,7.1,8.3,100.0,448.1,100.0,4530.0,tract
4212,14.6,88.8,4.4,4.5,13.7,99.8,454.5,100.0,4608.0,tract
4213,7.1,85.1,7.3,5.8,11.0,100.0,451.7,100.0,5016.0,tract
4214,7.6,85.2,4.3,4.1,11.9,100.0,451.0,100.0,5178.0,tract
4215,8.0,83.3,6.5,5.8,13.2,99.7,460.3,100.0,4916.0,tract
4216,8.4,87.0,4.8,4.7,12.3,99.8,453.1,100.0,4924.0,tract
4217,8.2,90.5,3.2,3.8,7.9,100.0,468.7,100.0,5200.0,tract
4401,10.5,89.8,4.8,3.4,11.9,100.0,432.4,100.0,3020.0,tract
4402,7.4,91.5,3.9,4.0,9.9,100.0,470.4,100.0,3466.0,tract
4501,3.5,88.5,8.5,8.5,9.7,100.0,426.5,100.0,4149.0,tract
4502,4.9,90.4,8.7,8.4,12.4,100.0,415.4,100.0,3775.0,tract
4503,5.8,84.6,9.9,9.4,15.4,100.0,448.8,100.0,4438.0,tract
4504,5.1,89.5,10.5,9.7,12.5,100.0,468.7,100.0,4154.0,tract
4505,4.9,87.7,9.3,10.4,13.0,100.0,439.2,100.0,4102.0,tract
4506,9.1,82.9,11.3,12.0,19.9,99.5,434.7,100.0,3900.0,tract
4507,6.4,84.3,11.6,12.2,16.5,100.0,439.4,100.0,4862.0,tract
4600,5.1,88.5,9.3,8.5,12.0,100.0,466.8,100.0,5105.0,tract
4701,4.6,83.9,11.0,11.9,15.8,100.0,464.1,100.0,5136.0,tract
4702,4.8,86.5,8.8,9.3,12.3,100.0,462.0,100.0,4649.0,tract
4703,5.5,88.3,9.8,11.1,13.5,100.0,456.8,100.0,4736.0,tract
4704,3.9,87.1,10.6,11.1,12.6,100.0,452.4,100.0,4056.0,tract
4705,2.8,93.1,8.8,9.0,9.0,100.0,452.5,100.0,3859.0,tract
4706,5.0,87.3,10.2,10.4,14.0,100.0,459.8,100.0,4511.0,tract
4707,5.3,89.0,9.3,9.6,12.6,100.0,462.4,100.0,3786.0,tract
4708,5.8,86.8,8.6,9.5,13.7,100.0,464.5,100.0,4783.0,tract
4709,9.2,85.3,13.9,12.5,20.6,99.9,447.6,100.0,3604.0,tract
4801,5.2,84.4,16.3,14.8,15.5,100.0,478.5,100.0,4642.0,tract
4802,2.7,94.6,13.9,12.5,8.9,100.0,420.2,100.0,3112.0,tract
4803,2.8,94.8,10.1,9.6,6.2,100.0,422.8,100.0,3254.0,tract
4804,3.6,92.3,11.6,11.8,8.5,100.0,449.5,100.0,3936.0,tract
4805,3.9,90.2,18.6,17.2,11.3,100.0,464.4,100.0,4096.0,tract
4806,4.6,89.1,19.0,18.0,12.2,99.5,459.9,100.0,3629.0,tract
4807,8.5,92.5,19.7,18.5,14.4,100.0,405.8,100.0,2827.0,tract
4808,3.4,92.9,16.3,14.6,10.9,100.0,454.1,100.0,3503.0,tract
4809,8.8,89.9,23.1,20.8,18.2,100.0,410.3,100.0,3020.0,tract
4810,4.2,88.0,12.6,11.3,13.4,100.0,431.0,100.0,3645.0,tract
4811,5.0,87.8,16.6,15.9,13.3,100.0,451.3,100.0,3523.0,tract
4812,4.3,93.4,14.6,16.0,9.8,100.0,454.3,100.0,3641.0,tract
4813,5.1,87.2,15.9,14.7,14.2,100.0,458.8,100.0,3926.0,tract
4814,5.6,91.0,16.5,13.3,12.9,99.1,460.5,100.0,4174.0,tract
4815,5.3,84.5,26.2,26.5,23.7,100.0,389.3,100.0,2966.0,tract
4816,7.0,88.0,21.7,23.2,19.0,100.0,389.6,100.0,2968.0,tract
4817,5.1,87.9,14.2,14.2,15.4,100.0,454.2,100.0,3914.0,tract
4818,8.7,87.8,23.9,20.2,20.9,100.0,409.3,100.0,2728.0,tract
4819,5.2,86.7,16.7,16.3,15.5,99.7,438.6,100.0,3536.0,tract
4820,7.3,88.8,18.1,17.5,17.6,100.0,418.2,100.0,2941.0,tract
4821,3.4,93.4,11.2,9.7,8.2,100.0,428.2,100.0,4356.0,tract
4822,3.3,93.3,11.6,10.9,7.9,100.0,413.5,100.0,3278.0,tract
4823,4.1,88.2,15.5,15.1,13.7,99.9,411.4,100.0,3220.0,tract
4824,3.4,95.3,10.2,9.3,6.1,100.0,439.5,100.0,3906.0,tract
4825,3.7,91.4,15.7,14.5,11.2,100.0,460.3,100.0,4123.0,tract
4826,2.9,95.1,10.4,9.5,6.5,100.0,435.6,100.0,3434.0,tract
4827,6.1,84.9,17.7,16.2,16.1,100.0,419.7,100.0,3856.0,tract
4828,6.7,84.7,22.2,20.2,19.5,100.0,401.6,100.0,3051.0,tract
4829,8.5,84.8,32.0,31.4,22.6,100.0,409.3,100.0,2696.0,tract
4830,7.9,88.1,19.9,18.5,16.6,99.7,434.4,100.0,3175.0,tract
4831,3.6,92.5,11.6,11.9,8.6,100.0,454.1,100.0,3907.0,tract
4832,7.4,91.1,22.9,19.9,13.9,100.0,431.5,100.0,2834.0,tract
4833,7.3,86.9,28.3,26.0,17.7,100.0,438.1,100.0,2699.0,tract
4834,6.0,81.3,27.5,30.4,26.5,100.0,376.4,100.0,2781.0,tract
4835,6.9,89.9,17.9,15.3,16.5,99.9,423.1,100.0,2700.0,tract
4836,5.0,91.0,18.6,16.0,14.0,100.0,442.8,100.0,3802.0,tract
4837,6.6,93.3,11.1,9.6,11.0,100.0,424.0,100.0,2897.0,tract
4838,3.1,95.2,12.1,9.5,8.7,100.0,409.3,100.0,3478.0,tract
4901,4.5,93.6,7.0,5.9,8.4,100.0,435.0,100.0,3320.0,tract
4902,4.7,91.9,11.6,10.1,9.9,100.0,430.8,100.0,3542.0,tract
4903,3.4,90.9,8.2,7.0,9.6,100.0,410.0,100.0,3123.0,tract
4904,3.1,94.8,7.7,6.6,6.4,99.9,411.8,100.0,2585.0,tract
5000,6.3,87.9,3.9,4.1,10.3,100.0,453.2,100.0,4127.0,tract
5101,3.4,91.4,4.6,4.9,6.5,100.0,458.1,100.0,4882.0,tract
5102,4.6,92.2,6.1,5.9,8.6,100.0,446.5,100.0,4177.0,tract
5103,9.4,89.2,8.2,7.8,15.1,100.0,442.3,100.0,3714.0,tract
5104,8.7,87.2,8.4,7.7,13.5,99.4,469.4,100.0,4385.0,tract
5105,6.2,83.2,6.3,7.1,13.0,100.0,435.4,96.7,4634.0,tract
5106,6.1,85.9,7.8,8.4,12.1,100.0,434.7,100.0,4665.0,tract
5107,3.0,94.2,8.2,7.5,7.4,100.0,426.5,100.0,3520.0,tract
5108,10.4,94.2,8.3,7.3,7.7,100.0,343.2,100.0,2823.0,tract
5109,6.1,81.2,6.3,7.6,16.2,100.0,383.8,92.1,4040.0,tract
5110,2.9,95.7,7.7,5.2,4.7,100.0,368.1,100.0,2899.0,tract
5111,3.7,97.3,6.1,4.9,5.2,100.0,346.5,100.0,2987.0,tract
5301,5.3,95.3,4.6,5.6,6.2,100.0,464.2,100.0,3599.0,tract
5302,5.5,92.9,6.5,5.9,10.7,100.0,478.5,100.0,4937.0,tract
5303,4.8,92.1,6.6,6.0,9.7,100.0,390.2,100.0,3813.0,tract
5304,5.0,90.0,11.4,10.8,13.8,100.0,411.8,100.0,3437.0,tract
5305,6.4,89.6,5.8,5.8,13.0,99.9,353.9,100.0,3447.0,tract
5306,5.4,92.8,5.7,5.9,10.0,100.0,488.7,100.0,5467.0,tract
5307,16.8,94.7,4.5,4.7,9.1,100.0,442.3,100.0,3457.0,tract
5308,3.4,94.5,4.9,5.4,6.1,100.0,455.4,100.0,4153.0,tract
5309,9.4,93.5,7.4,6.3,10.6,100.0,442.3,100.0,3747.0,tract
5310,5.0,93.9,6.2,6.2,9.9,100.0,487.8,100.0,4103.0,tract
5401,9.0,82.5,6.1,6.3,18.7,99.9,506.8,100.0,6554.0,tract
5402,7.5,86.2,6.3,6.9,14.6,100.0,492.4,100.0,6033.0,tract
5501,5.4,89.9,5.5,4.9,10.2,100.0,505.1,100.0,4680.0,tract
5502,7.1,91.6,4.0,3.3,9.9,100.0,458.2,100.0,3933.0,tract
5503,5.5,87.5,6.2,5.7,11.6,100.0,443.3,100.0,4258.0,tract
5504,14.3,86.8,8.0,6.8,20.0,100.0,503.0,100.0,3692.0,tract
5505,4.1,91.9,3.4,3.1,6.0,100.0,493.6,100.0,5080.0,tract
5506,5.1,89.3,4.4,3.8,8.9,100.0,473.3,100.0,4783.0,tract
5507,4.8,86.4,6.3,5.8,9.8,100.0,451.1,100.0,4983.0,tract
5508,4.4,89.9,4.9,5.2,8.5,100.0,463.5,100.0,4452.0,tract
5600,4.0,89.1,11.6,11.6,10.7,100.0,407.5,100.0,2964.0,tract
