nct_id,brief_title,conditions,cancer_type_label,multi_subtype,categories_matched,hand_check_category,agree,first_pass_label,first_pass_agree,note
NCT07539441,A Study of Mirdametinib in People With Central Nervous System Tumors,Central Nervous System Tumors;Glioma,Brain & CNS,,brain_cns,Brain & CNS,1,Brain & CNS,1,
NCT06488222,Intravesical Gemcitabine and Docetaxel for Low Grade Intermediate Risk Bladder Cancer,Bladder Cancer,Bladder & urothelial,,bladder_urothelial,Bladder & urothelial,1,Bladder & urothelial,1,
NCT05303519,SIGMA (Safusidenib in IDH1 Mutant Glioma Maintenance),"Glioma;Astrocytoma, Grade IV;IDH1-mutant Glioma;Astrocytoma, IDH-Mutant, Grade 3;Astrocytoma, IDH-Mutant, Grade 4;Astrocytoma, IDH-Mutant, Grade 2;Oligodendroglioma;Oligodendroglioma, IDH-Mutant and 1p/19q-Codeleted",Brain & CNS,,brain_cns,Brain & CNS,1,Brain & CNS,1,
NCT04253964,Pilot Study of Performance Status 2 vs. Performance Status 0-1 Non-small Cell Lung Cancer Patients Treated With Chemo/Immunotherapy,Nonsmall Cell Lung Cancer;Performance Status,Lung & thoracic,,lung,Lung & thoracic,1,Lung & thoracic,1,
NCT06542250,"A Study to Evaluate Safety, PK, PD and Efficacy of AZD5492, a T Cell-engaging Antibody Targeting CD20 in Subjects With R/R B-Cell Malignancies.",B-cell Malignancies,Multiple cancer types / basket or umbrella,unspecified solid / hematologic,,Multiple cancer types / basket or umbrella,1,Multiple cancer types / basket or umbrella,1,'B-cell malignancies' only: multi/unspecified heme is the intended bucket
NCT07362888,First-in-Human Study of ADCE-B05 in Patients With Advanced Solid Tumors,Solid Tumors (Phase 1),Multiple cancer types / basket or umbrella,unspecified solid / hematologic,,Multiple cancer types / basket or umbrella,1,Multiple cancer types / basket or umbrella,1,
NCT05107674,A Study of NX-1607 in Adults With Advanced Malignancies,"Ovarian Cancer, Epithelial;Gastric Cancer;GastroEsophageal Junction (GEJ) Cancer;Head and Neck Squamous Cell Carcinoma;Metastatic or Unresectable Melanoma;Non-small Cell Lung Cancer (NSCLC);Metastatic Castration-resistant Prostate Cancer (mCRPC);Malignant Pleural Mesothelioma (MPM);Triple Negative Breast Cancer (TNBC);Metastatic Urothelial Carcinoma;Cervical Cancer;Diffuse Large B Cell Lymphoma (DLBCL);Richter Transformation;Microsatellite Stable Colorectal Carcinoma",Multiple cancer types / basket or umbrella,multiple named cancers,bladder_urothelial;breast;colorectal;gastric_esophageal;gynecologic;head_neck;lung;lymphoma;melanoma_skin;prostate,Multiple cancer types / basket or umbrella,1,Multiple cancer types / basket or umbrella,1,
NCT07578571,A Phase 1 Study of IM-1617 in Participants With Advanced Cancer,Colorectal Cancer;Non-Small Cell Lung Cancer;Breast Cancer;Esophageal Cancer;Stomach Cancer;Cancer,Multiple cancer types / basket or umbrella,multiple named cancers,breast;colorectal;gastric_esophageal;lung,Multiple cancer types / basket or umbrella,1,Multiple cancer types / basket or umbrella,1,
NCT07281768,Capecitabine/Oxaliplatin Chemotherapy and Cemiplimab With or Without Fianlimab or REGN7075 in Locally Advanced Rectal Cancer,Colorectal Cancer,Colorectal,,colorectal,Colorectal,1,Colorectal,1,
NCT06265727,A Phase 1/2 Study to Investigate CRB-701 in Solid Tumors,"Solid Tumor, Adult",Multiple cancer types / basket or umbrella,unspecified solid / hematologic,,Multiple cancer types / basket or umbrella,1,Multiple cancer types / basket or umbrella,1,
NCT05915442,Adenosine Signaling Modulation and Immune Checkpoint Inhibition With Hormone Sensitive Oligometastatic Prostate Cancer,Oligometastatic Prostate Cancer,Prostate,,prostate,Prostate,1,Prostate,1,
NCT06548412,"CTX-009 With Gemcitabine, Cisplatin, and Durvalumab as First-line Therapy in Patients With Unresectable or Metastatic Biliary Tract Cancers",Metastatic Biliary Tract Cancer,Liver & biliary,,liver_biliary,Liver & biliary,1,Liver & biliary,1,
NCT06641908,Anti-GD2 ADC M3554 in Advanced Solid Tumors,Advanced Solid Tumor,Multiple cancer types / basket or umbrella,unspecified solid / hematologic,,Multiple cancer types / basket or umbrella,1,Multiple cancer types / basket or umbrella,1,
NCT03942328,Modified Immune Cells (Autologous Dendritic Cells) and a Vaccine (Prevnar) Combined With Immune Checkpoint Inhibition After High-Dose External Beam Radiation Therapy in Treating Patients With Unresectable Liver Cancer,Stage III Hepatocellular Carcinoma AJCC v8;Stage III Intrahepatic Cholangiocarcinoma AJCC v8;Stage IV Hepatocellular Carcinoma AJCC v8;Stage IV Intrahepatic Cholangiocarcinoma AJCC v8;Unresectable Hepatocellular Carcinoma;Unresectable Intrahepatic Cholangiocarcinoma,Liver & biliary,,liver_biliary,Liver & biliary,1,Liver & biliary,1,
NCT05870800,Phase II Open-label Trial of Neoadjuvant Immunochemotherapy for Resectable Non-metastatic Colon cancER: NICER,Stage I Colon Cancer;Stage II Colon Cancer;Stage III Colon Cancer,Colorectal,,colorectal,Colorectal,1,Colorectal,1,
NCT07428044,A Study of Trastuzumab Deruxtecan in People With Non-Small Cell Lung Cancer,Non-Small Cell Lung Cancer;Non-small Cell Lung Cancer Stage II;Non-Small Cell Lung Cancer Stage IIIA;Non-Small Cell Lung Cancer Stage IIIB,Lung & thoracic,,lung,Lung & thoracic,1,Lung & thoracic,1,
NCT05837767,A Study of Radiation Therapy to Treat Solid Tumor Cancer That Has Spread to Soft Tissue,Invasive Ductal Breast Carcinoma;Invasive Ductal Breast Carcinoma Stage IV;Lobular Breast Carcinoma;Lobular Breast Carcinoma Stage IV;Non Small Cell Lung Cancer;NSCLC;Gastrointestinal Cancer;Gastrointestinal Squamous Cell Cancer;Gastrointestinal Adenocarcinoma;Pancreatic Cancer;Bladder Cancer;Renal Cell Carcinoma;Melanoma;Sarcoma;Metastatic Solid Tumor,Multiple cancer types / basket or umbrella,multiple named cancers,bladder_urothelial;breast;kidney;lung;melanoma_skin;pancreatic;sarcoma,Multiple cancer types / basket or umbrella,1,Multiple cancer types / basket or umbrella,1,
NCT05661461,Dose-escalation Study to Assess Safety and Pharmacokinetics of Nab-Sirolimus in Patients With Locally Advanced or Metastatic Solid Tumors and Moderate Liver Impairment,"Tumor, Solid;Tumor;Advanced Solid Tumor",Multiple cancer types / basket or umbrella,unspecified solid / hematologic,,Multiple cancer types / basket or umbrella,1,Multiple cancer types / basket or umbrella,1,
NCT03541928,"Phase II High Risk Prostate Cancer Trial Using Gene & Androgen Deprivation Therapies, Radiotherapy, & Surgery",High-risk Prostate Cancer;Prostate Cancer,Prostate,,prostate,Prostate,1,Prostate,1,
NCT06551584,Trial for Patients w/ Advanced Hematologic Malignancies Undergoing Allogeneic HCT,Acute Myeloid Leukemia;Acute Lymphoid Leukemia;Mixed Phenotype Acute Leukemia;Myelodysplastic Syndromes,Multiple cancer types / basket or umbrella,multiple named cancers,leukemia;mds_mpn,Multiple cancer types / basket or umbrella,1,Multiple cancer types / basket or umbrella,1,
NCT07355205,First-Line Ipilimumab Plus Nivolumab and Nogapendekin Alfa Inbakicept (N-803) in Patients With Stage IV or Recurrent Non-Small Cell Lung Cancer,Non-small Cell Lung Cancer Stage IV;Non-small Cell Lung Cancer Recurrent,Lung & thoracic,,lung,Lung & thoracic,1,Lung & thoracic,1,
NCT05155501,Clinical Trial of Approaches to Prostate Cancer Surgery,Prostate Cancer,Prostate,,prostate,Prostate,1,Prostate,1,
NCT04018872,Evaluating the Effect of Itraconazole on Pathologic Complete Response Rates in Esophageal Cancer,Esophagus Adenocarcinoma;Esophagus Squamous Cell Carcinoma;Gastroesophageal Junction Adenocarcinoma,Gastric & esophageal,,gastric_esophageal,Gastric & esophageal,1,Gastric & esophageal,1,
NCT06101290,Locally Ablative TherapY in Oligo-ProgressiVe GEnitourinary TumoRs (LAYOVER),Prostate Cancer;Oligoprogressive;Urothelial Carcinoma;Renal Cell Carcinoma,Multiple cancer types / basket or umbrella,multiple named cancers,bladder_urothelial;kidney;prostate,Multiple cancer types / basket or umbrella,1,Multiple cancer types / basket or umbrella,1,
NCT07582172,Total Marrow and Lymphoid Irradiation in Combination With Fludarabine and Melphalan as Conditioning for Allogeneic Peripheral Blood Stem Cell Hematopoietic Cell Transplant in Older Patients With Refractory and Relapsed Acute Myeloid Leukemia and High-risk Myelodysplastic Syndrome,Acute Myeloid Leukemia With Complex Karyotype;Myelodysplastic Chronic Myelomonocytic Leukemia;Myelodysplastic Syndrome;Recurrent Acute Myeloid Leukemia;Recurrent Myelodysplastic Chronic Myelomonocytic Leukemia;Recurrent Myelodysplastic Syndrome;Recurrent Secondary Acute Myeloid Leukemia;Refractory Acute Myeloid Leukemia;Refractory Myelodysplastic Chronic Myelomonocytic Leukemia;Refractory Myelodysplastic Syndrome;Refractory Secondary Acute Myeloid Leukemia,Multiple cancer types / basket or umbrella,multiple named cancers,leukemia;mds_mpn,Multiple cancer types / basket or umbrella,1,Multiple cancer types / basket or umbrella,1,
NCT06723236,A Study of MGC028 in Participants With Advanced Solid Tumors,Advanced Solid Tumors;NSCLC Adenocarcinoma;Cholangiocarcinoma;Pancreatic Carcinoma;Colorectal Carcinoma,Multiple cancer types / basket or umbrella,multiple named cancers,colorectal;liver_biliary;lung;pancreatic,Multiple cancer types / basket or umbrella,1,Multiple cancer types / basket or umbrella,1,
NCT06636734,"Lovastatin and Pembrolizumab for the Treatment of Patients With Recurrent or Metastatic Head and Neck Cancer, LAPP Trial",Clinical Stage IV HPV-Mediated (p16-Positive) Oropharyngeal Carcinoma AJCC v8;Human Papillomavirus-Related Neck Squamous Cell Carcinoma of Unknown Primary;Metastatic Head and Neck Squamous Cell Carcinoma;Metastatic Hypopharyngeal Squamous Cell Carcinoma;Metastatic Laryngeal Squamous Cell Carcinoma;Metastatic Nasopharyngeal Squamous Cell Carcinoma;Metastatic Oral Cavity Squamous Cell Carcinoma;Metastatic Oropharyngeal Squamous Cell Carcinoma;Metastatic Paranasal Sinus Squamous Cell Carcinoma;Recurrent Head and Neck Squamous Cell Carcinoma;Recurrent Hypopharyngeal Squamous Cell Carcinoma;Recurrent Laryngeal Squamous Cell Carcinoma;Recurrent Nasopharyngeal Squamous Cell Carcinoma;Recurrent Oral Cavity Squamous Cell Carcinoma;Recurrent Oropharyngeal Squamous Cell Carcinoma;Recurrent Paranasal Sinus Squamous Cell Carcinoma;Stage IV Hypopharyngeal Carcinoma AJCC v8;Stage IV Laryngeal Cancer AJCC v8;Stage IV Lip and Oral Cavity Cancer AJCC v8;Stage IV Nasopharyngeal Carcinoma AJCC v8;Stage IV Oropharyngeal (p16-Negative) Carcinoma AJCC v8;Stage IV Sinonasal Cancer AJCC v8,Head & neck,,head_neck,Head & neck,1,Multiple cancer types / basket or umbrella,0,
NCT05286814,"PDS01ADC in Combination With Hepatic Artery Infusion Pump (HAIP) and Systemic Therapy for Subjects With Metastatic Colorectal Cancer, Intrahepatic Cholangiocarcinoma, or Metastatic Adrenocortical Carcinoma",Metastatic Colorectal Cancer (Mcrc);Intrahepatic Cholangiocarcinoma (Icc);Intrahepatic Bile Duct Cancer;Colorectal Neoplasms;Colorectal Cancer;Cholangiocarcinoma;Bile Duct Neoplasms;Bile Duct Cancer;Adrenocortical Carcinoma (ACC);Adrenal Cortical Carcinoma;Adrenal Gland Cancer;Adrenal Gland Neoplasms;Adrenal Cortex Neoplasms,Multiple cancer types / basket or umbrella,multiple named cancers,colorectal;liver_biliary;neuroendocrine_endocrine,Multiple cancer types / basket or umbrella,1,Multiple cancer types / basket or umbrella,1,
NCT04529044,177Lu-DOTATATE for the Treatment of Stage IV or Recurrent Breast Cancer,Anatomic Stage IV Breast Cancer AJCC v8;Metastatic Breast Carcinoma;Recurrent Breast Carcinoma,Breast,,breast,Breast,1,Breast,1,
NCT07605416,"Testing an Experimental Approach to Treat Patients With Plasma Cell Leukemia, The QUANTUM Trial",Plasma Cell Leukemia,Myeloma & plasma cell,,myeloma,Myeloma & plasma cell,1,Multiple cancer types / basket or umbrella,0,
NCT04744116,Addition of Cord Blood Tissue-Derived Mesenchymal Stromal Cells to Ruxolitinib for the Treatment of Steroid-Refractory Acute Graft Versus Host Disease,Hematopoietic and Lymphoid Cell Neoplasm;Steroid Refractory Graft Versus Host Disease,Multiple cancer types / basket or umbrella,unspecified solid / hematologic,,Multiple cancer types / basket or umbrella,1,Multiple cancer types / basket or umbrella,1,"GVHD supportive-care trial in heme patients; 'multi' acceptable, arguably a non-oncology-screen leak"
NCT05996185,Study of Mogamulizumab With DA-EPOCH or CHOEP in Patients With Aggressive T-cell Lymphoma,T Cell Lymphoma;T-cell Lymphoma,Lymphoma,,lymphoma,Lymphoma,1,Lymphoma,1,
NCT06890884,"A Clinical Study of Zilovertamab Vedotin (MK-2140) Plus Rituximab Plus Cyclophosphamide, Doxorubicin, and Prednisone (R-CHP) Versus Polatuzumab Vedotin Plus R-CHP in People With Diffuse Large B-cell Lymphoma (DLBCL) (MK-2140-011/waveLINE-011)","Lymphoma, Large B-Cell, Diffuse",Lymphoma,,lymphoma,Lymphoma,1,Lymphoma,1,
NCT07463807,"Testing the Investigational Medication Combination of Teclistamab and Pomalidomide Compared to the Usual Treatment (Carfilzomib, Pomalidomide, and Dexamethasone) for Patients With Multiple Myeloma Who Have Relapsed Shortly After Treatment",Recurrent Multiple Myeloma;Refractory Multiple Myeloma,Myeloma & plasma cell,,myeloma,Myeloma & plasma cell,1,Myeloma & plasma cell,1,
NCT07223034,A Study of 177Lu-PSMA-617 in People With Gliomas,"Glioma;Diffuse Astrocytoma, IDH-Wildtype (Grade 2-4);Glioblastoma, IDH-wildtype;Diffuse Midline Glioma, H3 K27-Altered;Diffuse Hemispheric Glioma, H3 G34-mutant;Diffuse Pediatric-type High-grade Glioma, H3-wildtype and IDH-wildtype",Brain & CNS,,brain_cns,Brain & CNS,1,Brain & CNS,1,
NCT06663319,A Study of JNJ-89402638 for Metastatic Colorectal and Gastric Cancers,Colorectal Neoplasms;Gastrointestinal Neoplasms,Multiple cancer types / basket or umbrella,title names additional cancers,colorectal;gastric_esophageal,Multiple cancer types / basket or umbrella,1,Colorectal,0,
NCT06840262,Target Muscle Re-innervation and Regenerative Peripheral Nerve Interfaces Alone and in Combination for the Treatment of Residual and Phantom Limb Pain in Cancer Patients Who Have Received an Amputation,Amputation,Other / unclassified,,,Other / unclassified,1,Other / unclassified,1,"Amputation trial - non-oncology screen leak, correctly left unclassified (flagged for manual review)"
NCT07085091,A First in Human Study of ALX2004 With Advanced or Metastatic Selected Solid Tumors,NSCLC (Advanced Non-small Cell Lung Cancer);HNSCC;CRC (Colorectal Cancer);ESCC;Colo-rectal Cancer;Head and Neck Cancer;Esophageal Squamous Cell Carcinoma (ESCC),Multiple cancer types / basket or umbrella,multiple named cancers,colorectal;gastric_esophageal;head_neck;lung,Multiple cancer types / basket or umbrella,1,Multiple cancer types / basket or umbrella,1,
NCT02701153,Phase II Study of 5-Day Hypofractionated Preoperative Radiation Therapy for Soft Tissue Sarcomas: Expansion Cohort,Recurrent Adult Soft Tissue Sarcoma,Sarcoma,,sarcoma,Sarcoma,1,Sarcoma,1,
NCT07301268,GI-102 Alone or With Pembrolizumab Before Surgery for Treatment of Recurrent or Progressive IDH Wildtype Glioblastoma and IDH Mutated Grade 4 Astrocytoma,"Glioblastoma, IDH-Wildtype;Progressive Astrocytoma, IDH-Mutant, Grade 4;Progressive Glioblastoma;Progressive Gliosarcoma;Recurrent Astrocytoma, IDH-Mutant, Grade 4;Recurrent Glioblastoma, IDH-Wildtype;Recurrent Gliosarcoma;Resectable Astrocytoma;Resectable Glioblastoma",Brain & CNS,,brain_cns,Brain & CNS,1,Multiple cancer types / basket or umbrella,0,
NCT05568680,"SynKIR-110 for Mesothelin Expressing Ovarian Cancer, Cholangiocarcinoma or Mesothelioma","Ovarian Cancer;Cholangiocarcinoma Recurrent;Mesothelioma, Malignant",Multiple cancer types / basket or umbrella,multiple named cancers,gynecologic;liver_biliary;lung,Multiple cancer types / basket or umbrella,1,Multiple cancer types / basket or umbrella,1,
NCT04169737,"Acalabrutinib and Venetoclax With or Without Early Obinutuzumab for the Treatment of High Risk, Recurrent, or Refractory Chronic Lymphocytic Leukemia or Small Lymphocytic Lymphoma",Recurrent Chronic Lymphocytic Leukemia;Recurrent Small Lymphocytic Lymphoma;Refractory Chronic Lymphocytic Leukemia;Refractory Small Lymphocytic Lymphoma,Leukemia,,leukemia,Leukemia,1,Leukemia,1,
NCT07128381,"Phase I/II Clinical Trial of Axatilimab, a CSF1R Monoclonal Antibody, in Combination With Ruxolitinib as Therapy for Patients With Myelofibrosis (MF) and Chronic Myelomonocytic Leukemia (CMML)",Myelofibrosis (MF);Chronic Myelomonocytic Leukemia (CMML),MDS & MPN,,mds_mpn,MDS & MPN,1,Multiple cancer types / basket or umbrella,0,
NCT06794645,Pembrolizumab and Pemetrexed for Progressive Chordoma,Chordomas;Chordoma,Sarcoma,,sarcoma,Sarcoma,1,Sarcoma,1,
NCT03861676,Image-guided Focal Brachytherapy Utilizing Combined 18F-DCFPyl PET/CT,Prostate Cancer,Prostate,,prostate,Prostate,1,Prostate,1,
NCT06256588,A Study of Dostarlimab vs Placebo After Chemoradiation in Adult Participants With Locally Advanced Unresected Head and Neck Squamous Cell Carcinoma,"Neoplasms, Head and Neck",Head & neck,,head_neck,Head & neck,1,Head & neck,1,
NCT05549661,Onvansertib for the Treatment of Recurrent or Refractory Chronic Myelomonocytic Leukemia and Myelodysplastic Syndrome/MPN Overlap Neoplasms,"Recurrent Chronic Myelomonocytic Leukemia;Refractory Chronic Myelomonocytic Leukemia;Myelodysplastic/Myeloproliferative Neoplasm, Not Otherwise Specified;Recurrent Atypical Chronic Myeloid Leukemia;Recurrent Myelodysplastic/Myeloproliferative Neoplasm;Refractory Myelodysplastic/Myeloproliferative Neoplasm",MDS & MPN,,mds_mpn,MDS & MPN,1,Multiple cancer types / basket or umbrella,0,
NCT05624918,A Study of NovoTTF-200T(P) in Combination With Gemcitabine and Nab-Paclitaxel for Resectable Pancreatic Adenocarcinoma,Pancreatic Adenocarcinoma;Resectable Pancreatic Cancer,Pancreatic,,pancreatic,Pancreatic,1,Pancreatic,1,
NCT06071624,"Chimeric Antigen Receptor T Cell Therapy Redirected to CD4 (CD4CAR)as a Second Line Treatment for Chronic Myelomonocytic Leukemia, CMML.",Chronic Myelomonocytic Leukemia,MDS & MPN,,mds_mpn,MDS & MPN,1,Multiple cancer types / basket or umbrella,0,
NCT03758989,A Study of PET Adapted Therapy and Non-invasive Monitoring for Previously Untreated Limited Stage Diffuse Large B Cell Lymphoma,DLBCL,Lymphoma,,lymphoma,Lymphoma,1,Lymphoma,1,
