nct_id,brief_title,conditions,n_us_sites
NCT07153614,Efficacy of Perioperative Opioid Sparing Techniques on Time to Initiation of Chemotherapy,Perioperative Opioid Sparing Techniques,1
NCT06143631,Prescription of Letrozole for Uterine Myoma,"Leiomyoma, Uterine;Leiomyoma;Fibroid;Fibroid Uterus",5
NCT03266653,EBV-specific Cytotoxic T-lymphocytes (CTLs) for Refractory EBV Infection,Epstein-Barr Virus Infections;Primary Immune Deficiency Disorder,8
NCT05265273,A Study of Nipocalimab in Children Aged 2 to Less Than 18 Years With Generalized Myasthenia Gravis,Myasthenia Gravis,8
NCT07552077,"A Phase 2, Baseline-Controlled Study Evaluating the Safety and Efficacy of PTX-022 (Sirolimus) Topical Gel 3.9% in the Treatment of Angiokeratomas (LOTU)",Angiokeratomas,2
NCT06414954,Safety and Efficacy of 3 Dose Levels of NMD670 in Adult Patients With Myasthenia Gravis,"Myasthenia Gravis;Myasthenia Gravis, MuSK",9
NCT06832306,STimulation to Activate RespIration,ARDS (Moderate or Severe);AHRF;Mechanically Ventilated ICU Patients,5
NCT06430788,A Study of Emapalumab for Pediatric Aplastic Anemia,Aplastic Anemia;Cytopenia;Hypocellular Marrow,5
NCT07286188,Effect of Misoprostol on Fluid Deficit Volume in Hysteroscopic Myomectomy,"Fibroids, Uterine;Fluid Deficit;Hysteroscopy / Methods",1
NCT02532452,Third Party Viral Specific T-cells (VSTs),Viral Infection;Viral Reactivation;Infection in an Immunocompromised Host,3
NCT07249840,Ropeginterferon for High Risk JAK2 Clonal Hematopoiesis,JAK2 Mutation,1
NCT07361874,IMPACT-MACS: Adrenalectomy vs Semaglutide for Metabolic Outcomes in Mild Autonomous Cortisol Secretion,Mild Autonomous Cortisol Secretion (MACS);Autonomous Cortisol Secretion (ACS);Subclinical Cushing's;Mild Autonomous Cortisol Excess,1
NCT07104812,Impact of 1 mg Osilodrostat Therapy on Mild Autonomous Cortisol Secretion (MACS),Mild Autonomous Cortisol Secretion;Autonomous Cortisol Secretion (ACS),1
NCT05201534,Interventions in Mathematics and Cognitive Skills,"Math Learning Disability;Child Development;Developmental Disability;Learning Disabilities;Learning Disabled;Learning Curve;Mathematics Disorder;Dyscalculia;Dyscalculia, Primary;Dyscalculia, Acquired;Specific Learning Disorder, With Impairment in Mathematics;Individuality;Behavior, Child;Behavior and Behavior Mechanisms;Behavior;Decision Making;Neuronal Plasticity;Cognition;Cognition Disorder;Cognitive Dysfunction;Cognitive Change;Cognitive Impairment, Mild;Cognitive Developmental Delay;Cognitive Orientation;Cognitive Delay, Mild;Cognitive Deficits, Mild;Cognitive Abnormality;Neuroscience",1
NCT06826534,At-Home Cardiac Rehabilitation for Adolescents at Risk for Heart Failure,Cardiovascular Complication;Chemotherapeutic Toxicity,1
NCT04640987,Stem Cell Transplant From Donors After Alpha Beta Cell Depletion in Children and Adults With T-allo10 Cells Addback,Hematologic Diseases,1
NCT06463587,Efficacy and Safety of a New Formulation of Oral Cladribine Compared With Placebo in Participants With Generalized Myasthenia Gravis (MyClad),Generalized Myasthenia Gravis,19
NCT06496659,Segmentectomy After Induction Therapy (SAINT),Segmentectomy,1
NCT07596901,Study of Aritinercept in Patients With Generalized Myasthenia Gravis,"Myasthenia Gravis, Generalized",11
NCT07806617,Intralesional Gardasil-9 for the Treatment of Recalcitrant Warts,Warts;Verruca (Warts);Verruca Vulgaris,1
NCT05819853,Role of Semaglutide in Restoring Ovulation in Youth and Adults With Polycystic Ovary Syndrome,PCOS (Polycystic Ovary Syndrome) of Bilateral Ovaries;Obese,1
NCT06359041,RESET-MG: A Study to Evaluate the Safety and Efficacy of CABA-201 in Participants With Generalized Myasthenia Gravis,Generalized Myasthenia Gravis (gMG),17
NCT07351071,"Post-Market Study of the Signia Circular Stapler With Tri-Staple Technology in Left-sided Colon, Sigmoid, and Rectal Resections",Colorectal Anastomosis;Left-sided Colon Resection;Anastomotic Leak;Anastomotic Complication;Digestive System Diseases;Gastrointestinal Diseases;Colonic Diseases;Intestinal Diseases;Rectal Diseases;Postoperative Complications;Anastomotic Leaks,6
NCT05868668,Efficacy of Low-intensity Shockwave vs Radial Wave for Treatment of Erectile Dysfunction and Pelvic Pain,Erectile Dysfunction Due to Arterial Insufficiency;Erectile Dysfunction;Erectile Dysfunction Due to Arterial Disease;Chronic Pelvic Pain Syndrome;Chronic Prostatitis;Erectile Dysfunction Following Radical Prostatectomy;Erectile Dysfunction Following Radiation Therapy,1
NCT07183644,Maximizing Laser Therapy Success for Port-Wine Birthmarks in Pediatric Patients,Port Wine Stains,2
NCT04195347,Study of CM4620 to Reduce the Severity of Pancreatitis Due to Asparaginase,Acute Pancreatitis,3
NCT04700527,The Effects of SCFA Supplementation in Subjects Receiving Abdominopelvic RT: A Randomized Controlled Study,Toxicity;Radiation Toxicity,1
NCT07287176,Prospective Evaluation of the Pulse Biosciences nPulse™ Vybrance™ Percutaneous Electrode System,Thyroid Nodule;Thyroid Goiter;Ablation,3
NCT06136546,Cognitive Dysfunction and Inflammation in Depression: Experimental Inhibition Via Infliximab,"Depressive Disorder, Major;Inflammation",1
NCT04951622,A Study of Nipocalimab Administered to Adults With Generalized Myasthenia Gravis,Myasthenia Gravis,11
NCT07304154,A Study Evaluating the Safety and Efficacy of KITE-363 in Relapsed/Refractory Autoimmune Neurologic Diseases,Chronic Inflammatory Demyelinating Polyneuropathy;Myasthenia Gravis;Multiple Sclerosis,5
NCT06744920,"A Study to Investigate the Efficacy, Safety and Tolerability of Remibrutinib Versus Placebo in Adult Patients With Generalized Myasthenia Gravis",Generalized Myasthenia Gravis,24
NCT06056635,A Prospective Study on the Role of Karl Storz Curved and Straight Fetoscopes (11508AAK and 11506AAK) for Fetoscopic Intrauterine Procedures,Fetal Conditions;Maternal; Procedure;Pregnancy Related;Twin to Twin Transfusion Syndrome;In Utero Procedure Affecting Fetus or Newborn;Chorion; Abnormal;Twin Reversal Arterial Perfusion Syndrome;Twin Monochorionic Monoamniotic Placenta;Chorioangioma;Vasa Previa,1
NCT07250750,A Phase 1b/2 Study of IM-101 in Adult Participants With Generalized Myasthenia Gravis and Ocular Myasthenia Gravis,Myasthenia Gravis,4
NCT05491525,"Open-label, Long-term Safety, Efficacy, and Pharmacokinetics Study of Vibegron in Pediatric Subjects 2 Years to < 18 Years of Age With NDO and on CIC",Neurogenic Detrusor Overactivity,7
NCT06740162,Physical Activity and Community EmPOWERment Project,"Intellectual Disability;Neurodevelopmental Disorders;Autism Spectrum Disorder;Down Syndrome;Fragile X Syndrome;Cri-du-Chat Syndrome;De Lange Syndrome;Mental Retardation, X-Linked;Prader-Willi Syndrome;Rubinstein-Taybi Syndrome;Trisomy 13 Syndrome;WAGR Syndrome;Williams Syndrome",1
NCT06210854,Assessing Administration of pBI-11 Via Electroporation for the Treatment of Patients With HPV16/18+,HPV Infection,1
NCT07417202,Intraoperative Wound Irrigation for Pilonidal Disease,Pilonidal Disease,1
NCT06802146,Early Intervention in High Risk CCUS,Clonal Cytopenia of Undetermined Significance;Cytopenia,1
NCT07078682,An Open-Label Study to Evaluate the Effect of Elix Cycle Balance & Elix Daily Harmony on Fibroid-related Symptoms,Uterine Fibroids;Leiomyoma;Menstrual Pain,1
NCT06183281,"Integrating Nonpharmacologic Strategies for Pain With Inclusion, Respect, and Equity",Chronic Pain,2
NCT05561907,Enteral Anastomosis for the Treatment of Gastric Outlet Obstruction: A Randomized Controlled Study Comparing Endoscopic Versus Surgical Gastrojejunostomy,Gastric Outlet Obstruction,1
NCT06096272,Using Augmented Reality to Promote Physical Activity in Children With Cerebral Palsy,Cerebral Palsy;Mobile Phone Use;Pediatric ALL;Physical Disability;Physical Inactivity,1
NCT06538480,Zopa Retreatment and Vector Shedding in Adults With RRP,Recurrent Respiratory Papillomatosis;Papillomavirus Infection;Papillomaviridae,3
NCT07673627,"ADAPT Forward 2 - ISA2 - a Study to Evaluate the Safety, Tolerability and Efficacy of Empasiprubart IV Monotherapy in Participants With AChR-Ab Seropositive Generalized Myasthenia Gravis",AChR-Ab Seropositive Generalized Myasthenia Gravis;Myasthenia Gravis (MG);MG - Myasthenia Gravis;gMG,3
NCT07457918,Long-Term Follow-up Study of Cantharidin (YCANTH [VP-102/TO-208]) in Patients With Common Warts (Verruca Vulgaris),Common Warts (Verruca Vulgaris);Common Warts;Human Papilloma Virus (HPV);Warts,4
NCT07647510,A Phase 3 Study to Evaluate Claseprubart in Adults With Generalized Myasthenia Gravis (EMERGE),"Myasthenia Gravis, Generalized",2
NCT03887273,Study to Investigate the Safety of the Transplantation of Human Glial Restricted Progenitor Cells Into Subjects With Transverse Myelitis,Transverse Myelitis,1
NCT07040566,A Trial of Varenicline for E-cigarette Cessation,E-cigarette Use;Vaping;Nicotine Dependence,2
NCT05974202,rTMS and Cognitive-behavioral Therapy for Cocaine Use Disorder,"Cocaine Use;Cocaine Dependence;Cocaine Use Disorder;Cocaine Use Disorder, Moderate;Cocaine Use Disorder, Severe",1
NCT05948943,Alpelisib in Pediatric and Adult Patients With Lymphatic Malformations Associated With a PIK3CA Mutation.,Lymphatic Malformations,18
NCT06987539,"A Study to Evaluate the Pharmacokinetics, Pharmacodynamics, Safety and Tolerability of Inebilizumab in Children With Generalized Myasthenia Gravis (gMG)",Generalized Myasthenia Gravis,2
NCT06626230,Safety of Anal Curcumin,Anal High Grade Squamous Intraepithelial Lesion,2
NCT06388993,Marrow Cellution™ vs. Traditional BMA Harvest Project,Hip Arthropathy;Avascular Necrosis of Bone;Subchondral Cysts,1
NCT07221838,A Study to Investigate OCS Tapering in Adult Participants With Generalized Myasthenia Gravis Treated With Ravulizumab,Generalized Myasthenia Gravis;gMG,1
NCT06064695,Effects of Whole-body Electrical Muscle Stimulation Exercise on Adults With Myasthenia Gravis,Generalized Myasthenia Gravis,2
NCT05501756,Precision Alemtuzumab Dosing for Allogeneic Hematopoietic Cell Transplantation,Allogeneic Hematopoietic Cell Transplantation,1
NCT06633120,In Vitro Maturation of Human Eggs,Healthy;PCOS;PCOS (Polycystic Ovary Syndrome);Ovarian Reserve;Infertility;Infertility Female;Infertility of Tubal Origin;Infertility Poly Cystic Ovary;AMH;In Vitro Maturation;IVM;IVF,1
NCT06491238,Light vs. Moderate Intensity Exercise in Individuals With Myasthenia Gravis,Myasthenia Gravis,1
NCT06392386,A Study of Efgartigimod PH20 SC in Children Between 2 and Less Than 18 Years of Age With Generalized Myasthenia Gravis,Generalized Myasthenia Gravis,3
NCT06290869,Tobacco Education and Lung Health Study (TEAL),Smoking Cessation,1
NCT05862272,A Phase 3B Study to Evaluate Bone Mineral Density With Long-Term Use of Relugolix Combination Tablet in Women With Uterine Fibroids or Endometriosis,Uterine Fibroids;Endometriosis,120
NCT03155854,The Effects of Prophylactic Limited Palmar Fasciectomy on Surgical Outcomes and Scarring,Dupuytren Contracture,1
NCT06680037,A Study to Assess the Safety and Clinical Activity of Azer-cel in Participants With B-cell Mediated Autoimmune Disorders,B-cell Mediated Autoimmune Disorders,8
NCT04249830,Stem Cell Transplant From Donors After Alpha Beta Cell Depletion in Children and Young Adults,Hematologic Diseases,1
NCT03609580,Post-operative Urinary Retention (POUR) Following Thoracic Surgery,Urinary Retention,1
NCT06607627,"PK, PD, Safety, and Efficacy Study of Gefurulimab in Pediatric Patients With AChR+ Generalized Myasthenia Gravis",Generalized Myasthenia Gravis;gMG,2
NCT05183490,R-MVST Cells for Treatment of Viral Infections,Epstein-Barr Virus Infections;Cytomegalovirus Infections;Adenovirus;BK Virus Infection,1
NCT07100990,Treatment of Inflammatory Myelitis and Optic Neuritis With Early vs Rescue Plasma Exchange (TIMELY-PLEX),"Optic Neuritis;Myelitis;Myelitis, Transverse",29
NCT06286397,Topical Anti-Androgens in Pilonidal Sinus Disease,Pilonidal Disease;Pilonidal Disease of Natal Cleft;Pilonidal Sinus;Pilonidal Cyst,1
NCT07559474,A Study to Assess the Safety and Pharmacokinetics of INCB123667 When Administered Orally to Adult Participants With Moderate or Severe Hepatic Impairment,Hepatic Insufficiency;Liver Diseases,4
NCT06574152,Effect of Photobiomodulation on Pain and Healing of the Vertical Releasing Incision After Endodontic Microsurgery,Apical Periodontitis;Endodontically Treated Teeth;Endodontic Disease;Apical Cyst;Apical Granuloma;Periradicular Disease;Previous Endodontic Treatment,1
NCT06909110,"Viral Specific T-Lymphocytes to Treat Infection With Adenovirus, Cytomegalovirus or Epstein-Barr Virus in Patients With Compromised Immunity",Adenovirus;Cytomegalovirus Infections;Epstein-Barr Virus Infections,2
NCT05625633,Human Papillomavirus (HPV) Vaccination vs. Placebo for the Treatment of Refractory Cutaneous Warts,Warts,2
NCT06926894,R-MVST Cells for Treatment of Viral Infections in Children and Young Adults,Epstein-Barr Virus;Cytomegalovirus Infections;Adenovirus;BK Virus Infection;Immune Deficiency,1
NCT07011966,ASV Therapy for Insomnia,Insomnia;Insomnia (Moderate),1
NCT06903208,RFA for Superficial Lipomas,Lipoma,1
NCT03913117,Study of Treatment for HPV16+ ASC-US or LSIL,ASC-US;LSIL,2
NCT07039916,Study to Assess the Efficacy and Safety of IMVT-1402 in Participants With Mild to Severe Generalized Myasthenia Gravis,Generalized Myasthenia Gravis,48
NCT06820164,Lipomas Treated With Subcutaneous Injections of Cooled or Warmed Sodium Chloride,Lipoma,1
NCT07104331,SARC046: A Phase II Trial of Nab-Sirolimus in Patients With Progressing or Symptomatic Epithelioid Hemangioendothelioma,Epithelioid Hemangioendothelioma (EHE),4
NCT06651177,Evaluation of Tirzepatide as an Adjunct to Buprenorphine for the Treatment of Opioid Use Disorder,"Opioid Use Disorder;Opioid Use Disorder, Moderate;Opioid Use Disorder, Severe",9
NCT06848348,Efficacy and Safety Study of Halneuron in the Treatment of Chemotherapy-Induced Neuropathic Pain,Chemotherapy Induced Neuropathic Pain;Chemotherapy Induced Pain Neuropathy;Chemotherapy Induced Pain,25
NCT05029726,Regional Anesthesia in Minimally Invasive Lumbar Spine Surgery,Lumbar Spinal Stenosis;Lumbar Disc Herniation;Lumbar Spondylolisthesis;Lumbar Spondylosis;Lumbar Radiculopathy;Lumbar Spine Instability;Synovial Cyst;Degenerative Disc Disease;Degenerative Spondylolisthesis;Degenerative Intervertebral Discs,1
NCT07144852,Study of Reformulated Levulan Kerastick Plus PDT for Actinic Keratosis on Upper Extremities,Actinic Keratosis,20
NCT07463521,A Study to Evaluate the Efficacy and Safety of Rozanolixizumab in Adult Participants With Ocular Myasthenia Gravis,Ocular Myasthenia Gravis,5
NCT06193889,"KYSA-6: A Study of Anti-CD19 Chimeric Antigen Receptor T-Cell Therapy, in Patients With Generalized Myasthenia Gravis",Myasthenia Gravis;Generalized Myasthenia Gravis,10
NCT06536517,The Effects of One-time Intraoperative Methadone During Laparoscopic Hysterectomy in Reducing Opioid Prescription.,Fibroid Uterus,2
NCT02048332,Donor-Derived Viral Specific T-cells (VSTs),Allogeneic Stem Cell Transplant;Viral Infection;Viral Reactivation,2
NCT02193841,Simple Bone Cysts in Kids,Bone Cyst,4
NCT07478172,Effects of Whole-body Electrical Muscle Stimulation Exercise on Adults With Neuromuscular Disease,Neuromuscular Diseases (NMD);Amyotrophic Lateral Sclerosis;Myasthenia Gravis;Lambert-eaton Myasthenic Syndrome;Primary Lateral Sclerosis;Spinal Muscular Atrophy;Charcot Marie Tooth Disease (CMT);Fascioscapulohumeral Muscular Dystrophy;Inclusion Body Myositis;Mitochondrial Myopathy;Nemaline Myopathy;Centronuclear Myopathy;Postpolio Syndrome;Pompe Disease (Late-onset);Chronic Inflammatory Demyelinating Polyneuropathy;Hereditary Spastic Paraplegia;Postural Orthostatic Tachycardia Syndrome (POTS);Progressive Muscular Atrophy,1
NCT02537769,Study of the Clinical Impact of Surgical Correction of Tricuspid Insufficiency in Implantable LVAD Patients,Tricuspid Regurgitation;Heart Failure NYHA Class III;Heart Failure NYHA Class IV,1
NCT05951777,Autologous Adipose-Derived Mesenchymal Stem Cells for Chronic Traumatic Brain Injury,Traumatic Brain Injury,2
NCT07729579,An Open-Label Pharmacokinetic Study for Patients With Actinic Keratosis on the Upper Extremities or the Face,Actinic Keratosis (AK),1
NCT04013802,"TETRAVI Multivirus CTL for Treatment of EBV, CMV, Adenovirus, and BK Infections Post Allogeneic SCT.",Viral Infection,2
NCT06641089,Evaluation of Sonelokimab in Patients With Active Psoriatic Arthritis and Anti-TNFα Inadequate Response,"Arthritis, Psoriatic",36
NCT07246590,Cantharidin Application in Patients With Common Warts (Verruca Vulgaris) (COVE-2),Common Warts;Common Warts (Verruca Vulgaris);Human Papilloma Virus (HPV);Warts,5
NCT07247058,Isturisa Treatment in Mild Autonomous Cortisol Secretion( MACS),Mild Autonomous Cortisol Secretion (MACS),1
NCT07507643,A Study of Methylprednisolone in People Having Liver Surgery,Hepatectomy,3
NCT07299474,Efficacy of Lavender Aromatherapy on Anxiety and Pain Reduction During Awake Otolaryngologic Procedures,"Inferior Turbinate Hypertrophy;Chronic Rhinosinusitis (CRS);Rhinitis, Vasomotor;Thyroid Nodules;Vocal Fold Immobility",1
NCT07284420,ADAPT Forward 1 - ISA1 - a Study to Evaluate Empasiprubart IV as add-on Therapy to Efgartigimod IV in Participants With AChR-Ab Seropositive Generalized Myasthenia Gravis With a Partial Clinical Response to Efgartigimod,AChR-Ab Seropositive Generalized Myasthenia Gravis;Myasthenia Gravis;MG;gMG;Generalized Myasthenia Gravis;Generalized Myasthenia Gravis (gMG),11
NCT06669416,Taste Alterations Study,"Chemotherapy Side Effects;Taste, Altered",1
NCT01799538,Nebulized or Inhaled Albuterol for Lymphangioleiomyomatosis,Lymphangioleiomyomatosis,1
NCT02923011,Comparative Effectiveness of MRgFUS Versus CTgRFA for Osteoid Osteomas,Osteoid Osteoma,3
NCT05736419,A Study of Immune Suppression Treatment for People With Sickle Cell Disease or β-Thalassemia Who Are Going to Receive an Allogeneic Hematopoietic Cell Transplantation (HCT),"Sickle Cell Disease;Thalassemia, Beta;Thalassemia",6
NCT06456580,A Study of Telitacicept for the Treatment of Generalized Myasthenia Gravis (UPSTREAM MG),Generalized Myasthenia Gravis,26
NCT03480971,Treatment of Radiation and Cisplatin Induced Toxicities with Tempol,Mucositis;Nephrotoxicity;Ototoxicity,8
NCT06538870,Dental Implant Healing With TNF-Alpha Inhibitors,Edentulism;Dental Implants;TNF-alpha Inhibitors,1
NCT06886516,Apixaban in Thrombocytopenia,Deep Vein Thrombosis;Pulmonary Embolism and Thrombosis;Thrombocytopenia;Recurrent Venous Thromboembolism,1
NCT07224776,Sparsentan for the Treatment of VEGF Signaling Pathway Inhibitor-Associated Proteinuria,Proteinuric Renal Disease;Proteinuric Kidney Disease;Proteinuria;Proteinuria in Nephrotic Range,1
NCT06801067,A Study of SER-155 to Treat Diarrhea in People on Immunotherapy,Diarrhea;Enterocolitis,7
NCT07637734,Cantharidin Application in Patients With Common Warts (Verruca Vulgaris) (COVE-3),Common Warts;Common Warts (Verruca Vulgaris);Human Papilloma Virus (HPV);Warts,6
NCT04833894,"Evaluating the Pharmacokinetics, Pharmacodynamics, and Safety of Efgartigimod Administered Intravenously in Children With Generalized Myasthenia Gravis",Generalized Myasthenia Gravis,3
NCT07501702,A Phase 2 Study to Evaluate Povetacicept in Adults With Generalized Myasthenia Gravis,"Myasthenia Gravis, Generalized",15
NCT07673744,A Study to Evaluate the Efficacy and Safety of Maintenance Ublituximab Following Induction With Efgartigimod Administration in Participants With Myasthenia Gravis (MG),Myasthenia Gravis,5
NCT06889168,Evaluating the Long-term Safety and Tolerability of Imatinib in Patients With Lymphangioleiomyomatosis (LAM),Lymphangioleiomyomatosis (LAM);Lymphangioleiomyomatosis,2
NCT06956781,Multiphase Optimization Strategy (MOST) for Treating Pediatric Post-traumatic Stress Disorder (PTSD),PTSD;Trauma;Pediatric ALL,1
NCT07215949,Zilucoplan for Severe gMG Exacerbations,Generalized Myasthenia Gravis (gMG),1
NCT06800963,ResQ133A-NMIBC: Intravesical Recombinant Mycobacterium (rMBCG) in Participants With NMIBC Eligible to Receive Intravesical Tice BCG,NMIBC,5
NCT06147258,The Impact of Expressive Emotional Writing on Facilitating Grief Resolution in Adults With Spinal Cord Injury,Spinal Cord Injuries;Transverse Myelitis,1
NCT07217587,Comparative Efficacy of Nipocalimab and Efgartigimod in Participants With Generalized Myasthenia Gravis,Myasthenia Gravis,13
NCT07182045,Impact of Uterine and Ovarian Vessel Occlusion on Blood Loss in High Burden Minimally Invasive Myomectomy.,Myoma;Surgery,1
NCT04160910,5HTP Regulation Of Asthma In Children,Mild or Moderate Asthma With Allergic Sensitization,1
NCT06049420,Lifestyle Medicine: Establishing Clinical Approaches to Chronic Disease for Rural Patients,"Obesity;Hyperlipidemias;Polycystic Ovary Syndrome;Hypertension;Coronary Heart Disease;Heart Failure;Depression, Anxiety;Type II Diabetes;Metabolic Syndrome",1
NCT04149496,"IVM With Low Cost Priming, Enhanced Oocyte Recovery, and Delayed Transfer",Polycystic Ovary Syndrome,1
NCT07144345,Study of Reformulated Levulan Kerastick Plus PDT for Actinic Keratosis on Face and Scalp,Actinic Keratosis,10
