state_fips,pop55,n_tracts,pct_zero_trials_within_60rdmi,pct_lt20_trials_within_60rdmi,pct_lt100_trials_within_60rdmi,pct_in_zero_trial_county,pct_gt60rdmi_broad_menu,pct_gt120rdmi_broad_menu,pct_gt60rdmi_limited_menu,pct_gt60rdmi_nci,pct_gt120rdmi_nci,pct_no_road_route_broad,pct_no_road_route_nci,median_road_mi_nci,median_road_mi_broad_menu,median_road_mi_limited_menu,wmean_trials_within_60rdmi,wmean_trials_within_30rdmi,wmean_trials_within_120rdmi,wmean_trials_in_own_county,modal_nearest_nci,modal_nearest_broad,wmean_t60_cancer_type_bladder_urothelial,wmean_t60_cancer_type_brain_cns,wmean_t60_cancer_type_breast,wmean_t60_cancer_type_colorectal,wmean_t60_cancer_type_gastric_esophageal,wmean_t60_cancer_type_gynecologic,wmean_t60_cancer_type_head_neck,wmean_t60_cancer_type_kidney,wmean_t60_cancer_type_leukemia,wmean_t60_cancer_type_liver_biliary,wmean_t60_cancer_type_lung,wmean_t60_cancer_type_lymphoma,wmean_t60_cancer_type_mds_mpn,wmean_t60_cancer_type_melanoma_skin,wmean_t60_cancer_type_multi,wmean_t60_cancer_type_myeloma,wmean_t60_cancer_type_neuroendocrine_endocrine,wmean_t60_cancer_type_other_named,wmean_t60_cancer_type_other_unclassified,wmean_t60_cancer_type_pancreatic,wmean_t60_cancer_type_prostate,wmean_t60_cancer_type_sarcoma,wmean_t60_phase_1,wmean_t60_phase_1-2,wmean_t60_phase_2,wmean_t60_phase_2-3,wmean_t60_phase_3,wmean_t60_phase_4,wmean_t60_phase_NA,wmean_t60_sponsor_academic_other,wmean_t60_sponsor_industry,wmean_t60_sponsor_nih_federal
01,1551428,1437,15.5,53.7,71.1,52.2,71.1,26.7,53.7,70.8,26.5,0.0,0.0,92.0,93.0,65.0,59.0,34.0,237.0,25.0,O'Neal Comprehensive Cancer Center (UAB),"Jefferson, Alabama",2.0,1.0,5.0,2.0,0.0,5.0,2.0,1.0,3.0,1.0,7.0,2.0,0.0,1.0,13.0,5.0,1.0,0.0,1.0,2.0,2.0,2.0,9.0,9.0,18.0,3.0,17.0,0.0,2.0,17.0,37.0,4.0
02,187882,177,48.6,49.5,100.0,62.1,100.0,100.0,49.5,100.0,100.0,100.0,100.0,999.0,999.0,56.0,27.0,21.0,28.0,20.0,NO ROAD CONNECTION,NO ROAD CONNECTION,0.0,1.0,3.0,0.0,1.0,3.0,1.0,1.0,0.0,0.0,6.0,3.0,0.0,1.0,4.0,1.0,1.0,1.0,0.0,1.0,2.0,0.0,1.0,0.0,8.0,2.0,18.0,0.0,0.0,13.0,11.0,4.0
04,2229655,1765,9.9,18.5,23.2,10.0,23.2,15.3,18.5,26.9,17.2,0.2,0.2,32.0,0.0,0.0,239.0,222.0,306.0,222.0,Mayo Clinic Cancer Center – Phoenix,"Maricopa, Arizona",9.0,10.0,22.0,11.0,4.0,6.0,6.0,4.0,7.0,5.0,21.0,13.0,1.0,9.0,63.0,15.0,5.0,1.0,2.0,8.0,16.0,3.0,49.0,37.0,51.0,9.0,87.0,2.0,4.0,59.0,168.0,12.0
05,908855,823,19.0,33.7,97.5,52.0,97.5,86.2,33.6,96.9,85.3,0.0,0.0,182.0,186.0,40.0,49.0,27.0,103.0,19.0,St. Jude Children's Research Hospital,"Shelby, Tennessee",4.0,1.0,5.0,2.0,1.0,4.0,2.0,1.0,2.0,0.0,8.0,2.0,0.0,2.0,7.0,3.0,1.0,1.0,0.0,2.0,3.0,0.0,3.0,3.0,14.0,3.0,25.0,0.0,1.0,18.0,24.0,7.0
06,10768047,9129,2.8,5.2,22.9,4.3,23.0,9.2,5.9,23.1,9.0,0.0,0.0,25.0,0.0,0.0,534.0,363.0,758.0,323.0,USC Norris Comprehensive Cancer Center,"Los Angeles, California",16.0,13.0,41.0,16.0,11.0,20.0,13.0,9.0,25.0,10.0,55.0,37.0,4.0,13.0,160.0,21.0,5.0,2.0,4.0,10.0,37.0,12.0,135.0,100.0,135.0,20.0,130.0,2.0,12.0,150.0,347.0,38.0
08,1581463,1447,8.1,14.5,33.3,14.0,35.6,16.0,14.5,42.2,17.3,0.0,0.0,45.0,33.0,0.0,279.0,201.0,364.0,64.0,University of Colorado Cancer Center,"Denver, Colorado",9.0,3.0,20.0,11.0,5.0,9.0,4.0,5.0,12.0,2.0,27.0,13.0,2.0,9.0,90.0,20.0,4.0,1.0,2.0,5.0,19.0,6.0,76.0,56.0,47.0,12.0,86.0,1.0,1.0,58.0,205.0,17.0
09,1169078,880,0.0,0.0,0.1,9.4,0.1,0.0,0.0,4.7,0.0,0.0,0.0,31.0,28.0,0.0,551.0,213.0,1372.0,118.0,Yale Cancer Center,"New Haven, Connecticut",12.0,17.0,50.0,17.0,7.0,32.0,19.0,10.0,20.0,6.0,60.0,30.0,3.0,10.0,161.0,29.0,6.0,2.0,6.0,9.0,34.0,11.0,137.0,88.0,148.0,17.0,140.0,3.0,18.0,184.0,327.0,40.0
10,343484,262,0.0,0.0,48.6,0.0,50.4,0.2,0.0,50.7,0.0,0.0,0.0,66.0,64.0,0.0,294.0,90.0,1147.0,53.0,Sidney Kimmel Cancer Center (Jefferson),"Philadelphia, Pennsylvania",14.0,5.0,25.0,10.0,6.0,17.0,11.0,4.0,14.0,4.0,39.0,15.0,2.0,9.0,69.0,11.0,5.0,0.0,1.0,7.0,21.0,6.0,62.0,39.0,71.0,11.0,96.0,2.0,13.0,104.0,163.0,27.0
11,151648,206,0.0,0.0,0.0,0.0,0.0,0.0,0.0,0.0,0.0,0.0,0.0,4.0,0.0,0.0,880.0,687.0,1031.0,208.0,Georgetown Lombardi Comprehensive Cancer Center,"District of Columbia, District of Columbia",19.0,19.0,61.0,23.0,10.0,41.0,20.0,16.0,33.0,21.0,106.0,29.0,6.0,18.0,330.0,25.0,11.0,1.0,8.0,17.0,50.0,16.0,234.0,176.0,203.0,24.0,212.0,2.0,29.0,189.0,564.0,127.0
12,7606967,5160,0.9,6.8,24.0,8.0,30.6,10.2,10.2,46.6,16.3,0.0,0.0,55.0,35.0,0.0,269.0,157.0,465.0,108.0,Moffitt Cancer Center,"Hillsborough, Florida",6.0,7.0,24.0,10.0,3.0,17.0,9.0,2.0,12.0,4.0,37.0,15.0,3.0,9.0,68.0,12.0,3.0,1.0,2.0,6.0,13.0,5.0,50.0,40.0,66.0,11.0,94.0,2.0,6.0,61.0,189.0,18.0
13,2917161,2796,4.8,22.0,43.2,43.9,43.4,16.8,22.2,44.9,15.8,0.0,0.0,49.0,46.0,26.0,244.0,131.0,381.0,40.0,Winship Cancer Institute (Emory),"Fulton, Georgia",9.0,6.0,24.0,11.0,3.0,11.0,12.0,3.0,10.0,4.0,33.0,12.0,2.0,7.0,48.0,23.0,4.0,0.0,1.0,6.0,11.0,2.0,45.0,27.0,63.0,13.0,88.0,3.0,6.0,69.0,153.0,22.0
15,469913,461,16.1,33.6,100.0,16.1,100.0,100.0,33.6,33.6,33.6,100.0,33.6,16.0,999.0,0.0,29.0,29.0,29.0,29.0,University of Hawai'i Cancer Center,NO ROAD CONNECTION,0.0,1.0,6.0,1.0,1.0,0.0,1.0,0.0,1.0,1.0,6.0,1.0,0.0,0.0,4.0,0.0,0.0,0.0,1.0,3.0,3.0,1.0,1.0,0.0,8.0,3.0,16.0,0.0,0.0,16.0,6.0,7.0
16,539119,456,25.5,32.8,88.0,37.5,100.0,99.6,32.8,100.0,99.3,0.2,0.2,340.0,346.0,0.0,52.0,43.0,63.0,38.0,Huntsman Cancer Institute (Utah),"Salt Lake, Utah",2.0,1.0,5.0,2.0,1.0,2.0,1.0,1.0,4.0,0.0,10.0,4.0,0.0,1.0,8.0,2.0,1.0,1.0,0.0,2.0,4.0,0.0,0.0,1.0,19.0,3.0,28.0,0.0,0.0,25.0,10.0,16.0
17,3746769,3265,0.4,0.9,18.3,13.1,27.6,9.9,0.9,29.5,10.5,0.0,0.0,33.0,0.0,0.0,435.0,316.0,587.0,238.0,University of Chicago Comprehensive Cancer Center,"Cook, Illinois",19.0,9.0,40.0,14.0,8.0,20.0,18.0,6.0,20.0,7.0,63.0,24.0,2.0,8.0,101.0,16.0,6.0,2.0,5.0,8.0,30.0,9.0,74.0,62.0,125.0,16.0,141.0,3.0,14.0,144.0,241.0,50.0
18,1985015,1696,2.7,15.1,43.2,41.5,44.1,7.5,15.0,51.2,13.1,0.0,0.0,62.0,55.0,30.0,157.0,61.0,404.0,29.0,IU Simon Comprehensive Cancer Center,"Marion, Indiana",8.0,3.0,15.0,6.0,2.0,12.0,5.0,3.0,6.0,1.0,23.0,9.0,1.0,2.0,35.0,7.0,1.0,1.0,1.0,3.0,9.0,3.0,23.0,19.0,42.0,6.0,61.0,1.0,4.0,48.0,90.0,19.0
19,979129,896,12.0,29.4,52.6,52.9,75.6,17.6,29.8,74.6,23.3,0.0,0.0,91.0,90.0,41.0,82.0,42.0,216.0,24.0,Holden Comprehensive Cancer Center (Iowa),"Johnson, Iowa",3.0,2.0,8.0,3.0,2.0,3.0,3.0,2.0,5.0,0.0,11.0,7.0,0.0,2.0,13.0,5.0,2.0,1.0,0.0,2.0,6.0,2.0,6.0,5.0,23.0,4.0,44.0,1.0,0.0,34.0,32.0,17.0
20,851563,829,3.8,16.1,63.2,26.3,64.0,49.8,19.5,61.3,50.7,0.0,0.0,122.0,118.0,0.0,103.0,73.0,154.0,46.0,University of Kansas Cancer Center,"Johnson, Kansas",4.0,1.0,14.0,4.0,3.0,3.0,3.0,0.0,9.0,1.0,13.0,6.0,1.0,3.0,20.0,4.0,1.0,0.0,1.0,4.0,6.0,0.0,16.0,11.0,23.0,6.0,46.0,0.0,2.0,32.0,52.0,19.0
21,1363296,1306,3.1,35.2,42.1,56.2,42.1,11.8,37.6,75.6,14.7,0.0,0.0,75.0,42.0,38.0,115.0,73.0,373.0,35.0,Markey Cancer Center (Kentucky),"Fayette, Kentucky",4.0,2.0,8.0,4.0,1.0,8.0,6.0,2.0,6.0,2.0,17.0,7.0,0.0,3.0,25.0,6.0,2.0,0.0,0.0,2.0,7.0,1.0,15.0,14.0,29.0,7.0,48.0,0.0,2.0,33.0,68.0,14.0
22,1343693,1388,3.2,35.0,69.0,37.1,100.0,100.0,35.0,100.0,100.0,0.0,0.0,278.0,279.0,30.0,58.0,37.0,122.0,22.0,MD Anderson Cancer Center,"Harris, Texas",4.0,1.0,7.0,3.0,1.0,6.0,2.0,2.0,3.0,1.0,6.0,3.0,0.0,0.0,8.0,2.0,2.0,0.0,0.0,1.0,5.0,0.0,4.0,3.0,14.0,4.0,31.0,1.0,1.0,16.0,32.0,10.0
23,513329,407,8.9,16.4,99.7,22.8,99.7,70.3,24.9,100.0,67.9,0.2,0.2,150.0,156.0,37.0,44.0,26.0,262.0,19.0,Dana-Farber/Harvard Cancer Center,"Suffolk, Massachusetts",1.0,1.0,7.0,1.0,0.0,7.0,1.0,1.0,4.0,0.0,9.0,1.0,0.0,0.0,6.0,1.0,0.0,0.0,0.0,1.0,2.0,0.0,1.0,0.0,10.0,3.0,29.0,0.0,1.0,19.0,14.0,11.0
24,1835600,1475,0.7,2.4,8.8,12.2,9.4,1.4,2.9,11.2,1.1,0.0,0.0,18.0,15.0,0.0,722.0,377.0,1020.0,77.0,UM Greenebaum Comprehensive Cancer Center,"Baltimore, Maryland",17.0,16.0,53.0,20.0,9.0,34.0,18.0,13.0,28.0,17.0,89.0,25.0,5.0,15.0,255.0,21.0,9.0,1.0,7.0,15.0,43.0,13.0,179.0,137.0,172.0,21.0,186.0,2.0,25.0,165.0,448.0,109.0
25,2183727,1620,1.0,5.4,9.8,9.5,17.4,0.0,5.3,18.9,0.0,0.0,0.0,31.0,25.0,0.0,598.0,357.0,819.0,76.0,Dana-Farber/Harvard Cancer Center,"Suffolk, Massachusetts",17.0,18.0,52.0,11.0,7.0,37.0,22.0,10.0,32.0,4.0,48.0,40.0,2.0,15.0,192.0,34.0,4.0,2.0,4.0,7.0,26.0,14.0,158.0,114.0,169.0,17.0,121.0,5.0,14.0,200.0,358.0,40.0
26,3211801,3017,2.9,7.5,28.2,21.4,30.1,10.7,7.9,46.9,25.9,0.0,0.0,55.0,33.0,0.0,272.0,157.0,432.0,99.0,University of Michigan Rogel Cancer Center,"Oakland, Michigan",9.0,5.0,21.0,9.0,6.0,12.0,7.0,4.0,11.0,6.0,30.0,14.0,1.0,5.0,78.0,14.0,6.0,1.0,3.0,8.0,18.0,3.0,50.0,45.0,66.0,9.0,92.0,2.0,7.0,74.0,170.0,28.0
27,1712686,1505,1.6,8.3,33.1,22.6,33.0,19.4,10.6,33.7,21.8,0.0,0.0,28.0,27.0,0.0,180.0,133.0,368.0,77.0,Masonic Cancer Center (Minnesota),"Hennepin, Minnesota",6.0,5.0,19.0,7.0,4.0,16.0,4.0,4.0,6.0,3.0,24.0,10.0,0.0,4.0,39.0,9.0,2.0,1.0,0.0,3.0,12.0,2.0,24.0,21.0,47.0,10.0,75.0,1.0,3.0,60.0,96.0,24.0
28,872073,878,17.3,34.5,91.7,70.3,92.2,74.5,36.3,91.6,73.3,0.0,0.0,202.0,208.0,47.0,31.0,15.0,104.0,6.0,St. Jude Children's Research Hospital,"Shelby, Tennessee",1.0,0.0,5.0,2.0,0.0,2.0,1.0,1.0,2.0,0.0,7.0,1.0,0.0,0.0,3.0,1.0,0.0,0.0,0.0,1.0,2.0,0.0,1.0,1.0,9.0,2.0,17.0,0.0,0.0,11.0,13.0,6.0
29,1897090,1654,7.6,10.6,44.4,32.4,45.8,28.0,10.6,45.8,31.1,0.0,0.0,50.0,43.0,0.0,221.0,166.0,300.0,66.0,Siteman Cancer Center (WashU),"St. Louis, Missouri",7.0,4.0,22.0,7.0,5.0,11.0,8.0,4.0,9.0,3.0,25.0,13.0,2.0,5.0,53.0,10.0,4.0,1.0,1.0,7.0,15.0,5.0,43.0,30.0,54.0,10.0,78.0,1.0,5.0,68.0,123.0,30.0
30,365209,319,22.3,34.0,83.8,37.8,83.8,80.4,34.0,100.0,100.0,0.3,0.3,528.0,234.0,24.0,49.0,40.0,66.0,38.0,Huntsman Cancer Institute (Utah),"Yellowstone, Montana",2.0,1.0,5.0,1.0,1.0,3.0,2.0,1.0,4.0,0.0,9.0,2.0,0.0,1.0,6.0,1.0,1.0,1.0,0.0,2.0,5.0,1.0,0.0,0.0,18.0,3.0,28.0,0.0,0.0,24.0,5.0,20.0
31,561763,553,16.2,27.7,49.7,38.0,49.7,29.1,28.7,50.8,29.3,0.0,0.0,61.0,60.0,0.0,128.0,86.0,184.0,65.0,Fred & Pamela Buffett Cancer Center (UNMC),"Douglas, Nebraska",2.0,4.0,11.0,7.0,3.0,6.0,4.0,4.0,4.0,1.0,20.0,7.0,0.0,3.0,23.0,7.0,2.0,0.0,1.0,4.0,15.0,3.0,15.0,12.0,35.0,8.0,56.0,0.0,1.0,32.0,83.0,13.0
32,914581,779,4.5,6.7,100.0,9.4,100.0,99.2,6.7,100.0,99.3,0.1,0.1,251.0,269.0,0.0,75.0,71.0,87.0,70.0,City of Hope,"Orange, California",1.0,1.0,10.0,3.0,3.0,9.0,0.0,1.0,4.0,1.0,10.0,4.0,1.0,1.0,16.0,2.0,1.0,1.0,0.0,3.0,3.0,0.0,5.0,4.0,19.0,6.0,40.0,0.0,0.0,21.0,41.0,13.0
33,488098,350,1.8,8.3,51.5,30.9,53.2,10.3,10.5,33.1,0.7,0.0,0.0,55.0,63.0,42.0,344.0,20.0,707.0,13.0,Dana-Farber/Harvard Cancer Center,"Suffolk, Massachusetts",9.0,10.0,34.0,7.0,4.0,18.0,12.0,7.0,19.0,2.0,32.0,23.0,1.0,8.0,105.0,20.0,2.0,1.0,2.0,4.0,13.0,8.0,88.0,61.0,99.0,11.0,74.0,3.0,8.0,124.0,194.0,26.0
34,2831809,2181,0.0,0.8,3.4,0.8,3.4,0.0,0.8,5.2,0.0,0.0,0.0,22.0,16.0,0.0,987.0,593.0,1450.0,102.0,Rutgers Cancer Institute of New Jersey,"Bergen, New Jersey",36.0,33.0,83.0,33.0,14.0,45.0,30.0,13.0,41.0,13.0,101.0,61.0,9.0,23.0,278.0,51.0,9.0,4.0,7.0,20.0,62.0,19.0,255.0,171.0,282.0,30.0,205.0,11.0,35.0,363.0,573.0,51.0
35,667452,612,26.2,42.7,65.7,34.6,100.0,100.0,44.5,52.2,42.4,0.0,0.0,68.0,396.0,56.0,56.0,41.0,70.0,33.0,UNM Comprehensive Cancer Center,"Denver, Colorado",0.0,1.0,9.0,3.0,1.0,7.0,1.0,1.0,3.0,1.0,8.0,2.0,0.0,1.0,8.0,1.0,1.0,0.0,0.0,1.0,3.0,0.0,1.0,3.0,16.0,5.0,30.0,0.0,0.0,18.0,27.0,11.0
36,6131885,5396,2.2,5.6,21.7,13.4,21.7,9.8,7.3,24.8,9.6,0.0,0.0,18.0,11.0,0.0,786.0,603.0,1048.0,171.0,Mount Sinai Tisch Cancer Center,"New York, New York",25.0,28.0,65.0,26.0,11.0,36.0,22.0,11.0,34.0,11.0,81.0,49.0,8.0,17.0,225.0,42.0,6.0,3.0,6.0,16.0,50.0,15.0,202.0,139.0,220.0,24.0,165.0,8.0,27.0,281.0,464.0,41.0
37,3150276,2672,0.7,6.7,39.0,25.1,39.8,15.3,12.5,58.7,21.1,0.0,0.0,72.0,43.0,29.0,177.0,85.0,394.0,35.0,Wake Forest Baptist Comprehensive Cancer Center,"Durham, North Carolina",5.0,6.0,19.0,5.0,3.0,11.0,5.0,3.0,13.0,1.0,17.0,12.0,2.0,5.0,40.0,14.0,1.0,1.0,1.0,4.0,9.0,3.0,31.0,25.0,46.0,8.0,62.0,1.0,5.0,51.0,104.0,23.0
38,217828,228,31.0,50.5,100.0,47.7,100.0,100.0,57.2,100.0,100.0,0.0,0.0,418.0,340.0,79.0,30.0,24.0,53.0,23.0,Masonic Cancer Center (Minnesota),"Hennepin, Minnesota",0.0,0.0,3.0,2.0,1.0,1.0,2.0,1.0,0.0,0.0,7.0,1.0,0.0,0.0,4.0,1.0,1.0,0.0,0.0,2.0,2.0,0.0,0.0,0.0,10.0,2.0,17.0,0.0,0.0,18.0,4.0,8.0
39,3684678,3168,0.0,1.0,17.4,16.7,22.8,0.5,4.7,42.6,0.5,0.0,0.0,54.0,38.0,0.0,282.0,156.0,604.0,98.0,OSU Comprehensive Cancer Center – James,"Cuyahoga, Ohio",12.0,7.0,19.0,8.0,3.0,20.0,9.0,5.0,18.0,3.0,38.0,14.0,4.0,7.0,66.0,14.0,4.0,0.0,2.0,5.0,17.0,6.0,50.0,46.0,71.0,13.0,96.0,2.0,6.0,81.0,170.0,31.0
40,1125040,1205,15.5,22.5,63.8,56.4,63.8,24.3,22.7,63.5,26.4,0.0,0.0,97.0,95.0,26.0,80.0,61.0,188.0,39.0,Stephenson Cancer Center (Oklahoma),"Oklahoma, Oklahoma",4.0,2.0,4.0,2.0,1.0,13.0,3.0,2.0,4.0,1.0,7.0,4.0,0.0,2.0,21.0,2.0,1.0,0.0,1.0,2.0,4.0,1.0,12.0,9.0,22.0,4.0,30.0,0.0,2.0,28.0,30.0,21.0
41,1316582,1001,6.3,24.1,47.1,16.1,50.5,32.2,24.5,50.9,32.2,0.0,0.0,62.0,61.0,0.0,172.0,127.0,255.0,76.0,Knight Cancer Institute (OHSU),"Washington, Oregon",4.0,2.0,15.0,7.0,4.0,12.0,5.0,2.0,11.0,2.0,24.0,11.0,1.0,3.0,41.0,6.0,2.0,1.0,0.0,5.0,12.0,2.0,25.0,24.0,46.0,10.0,66.0,0.0,1.0,50.0,103.0,19.0
42,4279573,3446,1.0,2.6,23.2,9.9,36.9,5.6,7.3,38.1,6.4,0.0,0.0,47.0,45.0,0.0,359.0,189.0,970.0,93.0,Sidney Kimmel Cancer Center (Jefferson),"Philadelphia, Pennsylvania",17.0,8.0,31.0,13.0,8.0,23.0,16.0,6.0,16.0,5.0,45.0,19.0,1.0,11.0,83.0,13.0,5.0,1.0,2.0,8.0,22.0,6.0,69.0,48.0,104.0,14.0,109.0,2.0,12.0,136.0,186.0,38.0
44,354109,250,0.0,0.0,0.0,14.7,0.0,0.0,0.0,27.9,0.0,0.0,0.0,53.0,0.0,0.0,617.0,110.0,902.0,65.0,Dana-Farber/Harvard Cancer Center,"Providence, Rhode Island",18.0,18.0,51.0,12.0,9.0,40.0,23.0,10.0,34.0,4.0,49.0,41.0,2.0,15.0,196.0,34.0,5.0,2.0,4.0,8.0,28.0,14.0,158.0,118.0,174.0,20.0,129.0,5.0,14.0,205.0,369.0,43.0
45,1656850,1323,0.6,21.4,72.0,28.8,76.0,9.2,23.4,85.3,40.8,0.0,0.0,114.0,93.0,26.0,75.0,48.0,239.0,28.0,Hollings Cancer Center (MUSC),"Mecklenburg, North Carolina",4.0,1.0,10.0,1.0,1.0,3.0,2.0,2.0,4.0,1.0,9.0,4.0,0.0,1.0,16.0,4.0,1.0,0.0,0.0,1.0,8.0,0.0,10.0,8.0,18.0,4.0,34.0,0.0,1.0,24.0,40.0,11.0
46,274034,242,24.1,68.5,68.5,55.6,68.5,49.9,68.5,100.0,98.9,0.0,0.0,242.0,119.0,108.0,45.0,34.0,72.0,27.0,Fred & Pamela Buffett Cancer Center (UNMC),"Minnehaha, South Dakota",1.0,0.0,5.0,4.0,2.0,6.0,3.0,1.0,1.0,1.0,8.0,1.0,0.0,1.0,6.0,1.0,0.0,0.0,0.0,2.0,3.0,0.0,2.0,2.0,11.0,3.0,26.0,0.0,0.0,15.0,22.0,7.0
47,2079269,1701,6.9,27.5,57.2,43.2,57.8,34.4,28.0,58.3,35.0,0.0,0.0,85.0,82.0,32.0,191.0,114.0,310.0,66.0,Vanderbilt-Ingram Cancer Center,"Davidson, Tennessee",6.0,2.0,21.0,7.0,3.0,5.0,5.0,4.0,6.0,1.0,25.0,9.0,2.0,4.0,64.0,9.0,2.0,0.0,1.0,3.0,9.0,3.0,50.0,39.0,38.0,8.0,53.0,1.0,2.0,27.0,154.0,9.0
48,7228377,6896,6.2,20.7,34.5,23.2,34.9,20.6,22.3,43.5,22.8,0.0,0.0,44.0,31.0,0.0,406.0,287.0,537.0,226.0,Harold C. Simmons Comprehensive Cancer Center (UTSW),"Harris, Texas",13.0,8.0,31.0,15.0,7.0,18.0,6.0,8.0,19.0,7.0,33.0,18.0,4.0,8.0,158.0,13.0,3.0,1.0,2.0,8.0,20.0,7.0,126.0,86.0,86.0,13.0,87.0,2.0,6.0,102.0,291.0,13.0
49,695480,716,8.6,22.1,25.7,15.8,25.7,17.2,25.7,25.7,18.3,0.0,0.0,32.0,33.0,33.0,242.0,156.0,271.0,120.0,Huntsman Cancer Institute (Utah),"Salt Lake, Utah",5.0,7.0,17.0,5.0,4.0,11.0,4.0,1.0,10.0,0.0,12.0,16.0,4.0,10.0,89.0,13.0,5.0,0.0,1.0,5.0,17.0,4.0,62.0,54.0,55.0,8.0,60.0,0.0,3.0,65.0,158.0,19.0
50,230149,193,2.7,24.9,95.2,54.1,100.0,89.6,26.8,68.3,3.3,0.0,0.0,80.0,181.0,40.0,47.0,19.0,192.0,14.0,Dartmouth Cancer Center,"Suffolk, Massachusetts",2.0,2.0,6.0,2.0,1.0,1.0,1.0,2.0,3.0,0.0,7.0,2.0,0.0,2.0,7.0,1.0,1.0,0.0,0.0,2.0,3.0,1.0,3.0,1.0,15.0,3.0,24.0,0.0,2.0,28.0,10.0,8.0
51,2530594,2198,0.1,8.3,40.7,31.2,40.7,4.7,11.1,42.6,4.7,0.0,0.0,52.0,49.0,20.0,311.0,191.0,618.0,61.0,VCU Massey Comprehensive Cancer Center,"Richmond, Virginia",9.0,6.0,28.0,10.0,4.0,17.0,8.0,5.0,12.0,5.0,41.0,13.0,2.0,7.0,101.0,9.0,4.0,0.0,2.0,6.0,18.0,5.0,67.0,57.0,73.0,12.0,93.0,1.0,8.0,66.0,199.0,45.0
53,2208864,1784,4.5,14.0,38.1,11.3,44.8,25.1,14.0,49.0,26.7,0.0,0.0,59.0,48.0,0.0,244.0,166.0,335.0,126.0,Fred Hutch/UW/Seattle Children's Cancer Consortium,"King, Washington",6.0,3.0,21.0,9.0,3.0,10.0,4.0,3.0,14.0,4.0,27.0,14.0,2.0,5.0,67.0,13.0,4.0,1.0,2.0,7.0,22.0,3.0,42.0,40.0,72.0,10.0,77.0,2.0,1.0,70.0,154.0,20.0
54,616111,546,7.1,22.3,91.5,60.7,91.5,56.0,41.6,92.2,57.6,0.0,0.0,125.0,125.0,53.0,64.0,15.0,273.0,7.0,UPMC Hillman Cancer Center,"Allegheny, Pennsylvania",2.0,1.0,7.0,3.0,2.0,5.0,2.0,2.0,2.0,1.0,11.0,2.0,0.0,2.0,14.0,2.0,0.0,0.0,0.0,2.0,3.0,1.0,7.0,7.0,14.0,5.0,30.0,0.0,1.0,21.0,28.0,14.0
55,1887872,1542,2.8,3.3,45.5,19.1,45.5,14.8,3.3,78.8,21.0,0.0,0.0,82.0,50.0,0.0,164.0,94.0,443.0,64.0,UW Carbone Cancer Center,"Milwaukee, Wisconsin",4.0,3.0,15.0,5.0,3.0,9.0,6.0,4.0,8.0,2.0,18.0,11.0,1.0,3.0,34.0,12.0,2.0,1.0,1.0,6.0,13.0,2.0,22.0,15.0,51.0,10.0,61.0,2.0,3.0,66.0,68.0,30.0
56,179475,160,59.2,88.2,100.0,66.6,100.0,78.9,88.2,100.0,83.9,0.0,0.0,285.0,187.0,175.0,9.0,4.0,79.0,4.0,University of Colorado Cancer Center,"Adams, Colorado",1.0,0.0,1.0,0.0,0.0,0.0,0.0,0.0,0.0,0.0,1.0,0.0,0.0,0.0,1.0,0.0,0.0,0.0,0.0,1.0,1.0,0.0,0.0,0.0,3.0,0.0,5.0,0.0,0.0,6.0,1.0,2.0
